congressperson_name,civil_name,congressperson_id,state,twitter_profile,secondary_twitter_profile,facebook_page
ALAN RICK,ALAN RICK MIRANDA,178836,AC,Alan_Rick,,https://www.facebook.com/deputadoalanrick/?ref=br_rs
ANGELIM,RAIMUNDO ANGELIM VASCONCELOS,178837,AC,RaimundoAngelim,,https://www.facebook.com/angelim.acre/
ANTÔNIA LÚCIA,,123756,AC,antonialuciapsc,antonialucia_,https://www.facebook.com/antonialuciapr/?ref=br_rs
CÉSAR MESSIAS,CARLOS CESAR CORREIA DE MESSIAS,178838,AC,CesarMessias_Ac,,https://www.facebook.com/cesarmessiaspsb/
FLAVIANO MELO,FLAVIANO FLÁVIO BAPTISTA DE MELO,141434,AC,flaviano_melo,,https://www.facebook.com/flavianomelo15/?ref=br_rs
HENRIQUE AFONSO,,73940,AC,henrique_afonso,,https://www.facebook.com/Deputado-Federal-Henrique-Afonso-496929907011085/
JÉSSICA SALES,JESSICA ROJAS SALES,178839,AC,NAO ENCONTRADO,,https://www.facebook.com/pg/dep.jessicasales
LEO DE BRITO,LEONARDO CUNHA DE BRITO,178825,AC,LeoDoPT,,https://www.facebook.com/leodopt1331/
MOISÉS DINIZ,MOISES DINIZ LIMA,195278,AC,moisesdiniz10,,https://www.facebook.com/people/Moisés-Diniz-Lima/100009338080803
ROCHA,WHERLES FERNANDES DA ROCHA,178840,AC,MajorRocha45,,https://www.facebook.com/MajorRocha45/
SIBÁ MACHADO,,160613,AC,sibamachado13,,https://www.facebook.com/sibamachado1313/?ref=br_rs
TAUMATURGO LIMA,,160679,AC,Taumaturgo_Lima,,https://www.facebook.com/taumaturgolima/?ref=br_rs
ARTHUR LIRA,ARTHUR CÉSAR PEREIRA DE LIRA,160541,AL,DEPArthurLira,,https://www.facebook.com/arthurliradeputadofederal/?ref=br_rs
CÍCERO ALMEIDA,JOSÉ CÍCERO SOARES DE ALMEIDA,178841,AL,Cicero2800,,https://www.facebook.com/cicero15prefeito/
GIVALDO CARIMBÃO,GIVALDO DE SÁ GOUVEIA,74558,AL,givaldocarimbao,,https://www.facebook.com/carimbao
JHC,JOAO HENRIQUE HOLANDA  CALDAS,178842,AL,JHC_40,,https://www.facebook.com/jhc/
JOÃO LYRA,,74049,AL,Joao_Lyra,,https://www.facebook.com/joaolyra.al
MAURÍCIO QUINTELLA LESSA,,74050,AL,Depquintella,,https://www.facebook.com/mauricioquintella.lessa
NIVALDO ALBUQUERQUE,NIVALDO FERREIRA DE ALBUQUERQUE NETO,194260,AL,NivaldoAlbuque,,https://www.facebook.com/deputadonivaldoalbuquerque/
PAULÃO,PAULO FERNANDO DOS SANTOS,171617,AL,paulaodopt,,https://www.facebook.com/paulaodopt
PEDRO VILELA,PEDRO TORRES BRANDÃO VILELA,178844,AL,vilelapedro,,https://www.facebook.com/pedrovilela.al/
RENAN FILHO,,160623,AL,RenanFilho_,,https://www.facebook.com/RenanFilhoAL/
RONALDO LESSA,RONALDO AUGUSTO LESSA SANTOS,178845,AL,RonaldoLessaPDT,,https://www.facebook.com/Ronaldo-Lessa-139755579370881/
ROSINHA DA ADEFAL,ROSEANE CAVALCANTE DE FREITAS ESTRELA,146949,AL,rosinhadaadefal,,https://www.facebook.com/rosinhadaadefal2
RUI PALMEIRA,,76420,AL,ruipalmeira,,https://www.facebook.com/RuiSoaresPalmeira/
ALFREDO NASCIMENTO,ALFREDO PEREIRA DO NASCIMENTO,178846,AM,senadoralfredo,,https://www.facebook.com/AlfredoNascimentoOficial
ARTHUR VIRGÍLIO BISNETO,ARTHUR VIRGILIO DO CARMO RIBEIRO BISNETO,178847,AM,Arthurbisneto,,https://www.facebook.com/arthurvirgiliobisneto
CARLOS SOUZA,,73934,AM,CarlosSouza1111,,https://www.facebook.com/carlos.souza.9212
CONCEIÇÃO SAMPAIO,MARIA DA CONCEICAO SAMPAIO MOURA,178848,AM,dep_CSampaio ‏,,https://www.facebook.com/deputadaconceicaosampaio
HISSA ABRAHÃO,HISSA NAGIB ABRAHAO FILHO,178849,AM,Hissa_Abrahao ‏,,https://www.facebook.com/hissa.abrahao/
PAUDERNEY AVELINO,PAUDERNEY TOMAZ AVELINO,74095,AM,pauderney,,https://www.facebook.com/pauderneytomazavelino/
SABINO CASTELO BRANCO,RAIMUNDO SABINO CASTELO BRANCO MAUÉS,141522,AM,depsabinocb,,https://www.facebook.com/dep.sabino2
SILAS CÂMARA,SILAS CÂMARA,74356,AM,SilasCamaraAM ‏,,https://www.facebook.com/DepSilas/
ÁTILA LINS,ÁTILA SIDNEY LINS ALBUQUERQUE,74090,AM,NAO ENCONTRADO,,https://pt-br.facebook.com/Deputado-%C3%81tila-Lins-329607960409077/
ANDRÉ ABDON,ANDRE DOS SANTOS ABDON,178831,AP,dep_andreabdon ‏,,https://www.facebook.com/depandreabdon/
CABUÇU BORGES,LUIZ GIONILSON PINHEIRO BORGES,105112,AP,depcabucu ‏,,https://www.facebook.com/depcabucu/
DALVA FIGUEIREDO,,141502,AP,DalvaFigueiredo,,https://www.facebook.com/DeputadaDalvaFigueiredo
EVANDRO MILHOMEN,,74345,AP,DepMilhomen,,https://www.facebook.com/DeputadoMilhomen/
JANETE CAPIBERIBE,JANETE MARIA GÓES CAPIBERIBE,73926,AP,Janete4040,,https://www.facebook.com/JaneteCapiberibeOficial/
JOZI ARAÚJO,JOZIANE ARAUJO NASCIMENTO,178851,AP,Deputada_Jozi ‏,,https://www.facebook.com/joziaraujo.ap/
LUIZ CARLOS,,160645,AP,depluizcarlos,,https://www.facebook.com/deputadoheinze/
MARCOS REATEGUI,MARCOS JOSE REATEGUI SOUZA,178852,AP,marcos_reategui ‏,,https://www.facebook.com/DepMarcosReategui/
PROFESSORA MARCIVANIA,MARCIVANIA DO SOCORRO DA ROCHA FLEXA,160641,AP,marcivania65,,https://www.facebook.com/professoramarcivania65/
ROBERTO GÓES,ANTONIO ROBERTO RODRIGUES GÓES DA SILVA,178995,AP,dep_RobertoGoes ‏,,https://www.facebook.com/RobertoGoesAmapa/
SEBASTIÃO BALA ROCHA,,141539,AP,balarocha,,https://www.facebook.com/deputadobalarocha/
VINICIUS GURGEL,VINICIUS DE AZEVEDO GURGEL,160591,AP,vinicius2828,,https://www.facebook.com/deputadoviniciusgurgel
ACELINO POPÓ,,161907,BA,popofreitas,,https://www.facebook.com/PopoFreitas
AFONSO FLORENCE,AFONSO BANDEIRA FLORENCE,160508,BA,AfonsoFlorence ‏,,https://www.facebook.com/afonsoflorence13
ALICE PORTUGAL,ALICE MAZZUCO PORTUGAL,74057,BA,Alice_Portugal,,https://www.facebook.com/deputadaaliceportugal
AMAURI TEIXEIRA,,160603,BA,deputadoamauri,,https://www.facebook.com/AmauriTeixeira13
ANTONIO BRITO,ANTONIO LUIZ PARANHOS RIBEIRO LEITE DE BRITO,160553,BA,antoniobritoba,,https://www.facebook.com/britoantoniobahia
ANTONIO CARLOS MAGALHÃES NETO,,74058,BA,acm_neto,,https://www.facebook.com/ACMNetoOficial
ANTONIO IMBASSAHY,,160530,BA,Dep_Imbassahy,,https://www.facebook.com/antonio.imbassahy
ARTHUR OLIVEIRA MAIA,ARTHUR DE OLIVEIRA MAIA DA SILVA,160600,BA,departhurmaia,,https://www.facebook.com/arthur.oliveiramaia
BACELAR,JOAO CARLOS BACELAR BATISTA,69871,BA,DeputadoBacelar,,https://www.facebook.com/bacelaroficial/
BEBETO,ADALBERTO SOUZA GALVÃO,178834,BA,deputadobebeto,,https://www.facebook.com/bebetogalvao/
BENITO GAMA,BENITO DA GAMA SANTOS,74535,BA,benitogama,,https://www.facebook.com/BenitoGamaOficial/
CACÁ LEÃO,CARLOS FELIPE VAZQUEZ DE SOUZA LEÃO,93083,BA,CacaLeao ‏,,https://www.facebook.com/CacaLeaoOficial/
CAETANO,LUIZ CARLOS CAETANO,178853,BA,DepCaetano ‏,,https://www.facebook.com/luiz.caetanoBA/
CLAUDIO CAJADO,CLÁUDIO CAJADO SAMPAIO,74537,BA,claudio_cajado,,https://www.facebook.com/deputadocajado/
DANIEL ALMEIDA,DANIEL GOMES DE ALMEIDA,74060,BA,Daniel_PCdoB ‏,,https://www.facebook.com/depdanielalmeida
DAVIDSON MAGALHÃES,DAVIDSON DE MAGALHÃES SANTOS,101309,BA,Davidson65,,https://www.facebook.com/davidson65/
EDSON PIMENTA,,160618,BA,EdsonPimenta,,https://www.facebook.com/EdsonPimentaBahia
ELMAR NASCIMENTO,ELMAR JOSE VIEIRA NASCIMENTO,178854,BA,ElmarNascimento,,https://www.facebook.com/elmarnascimento/
EMILIANO JOSÉ,,154997,BA,emiliano_jose,,https://www.facebook.com/emiliano.jose.73
ERIVELTON SANTANA,ERIVELTON LIMA SANTANA,99654,BA,dep_erivelton,,https://www.facebook.com/erivelton.santana.560
FÁBIO SOUTO,,74062,BA,Fabio_Souto,,https://www.facebook.com/FabioSoutoOficial/
FÉLIX MENDONÇA JÚNIOR,FELIX DE ALMEIDA MENDONÇA JÚNIOR,160666,BA,felixMendoncaJr,,https://www.facebook.com/felixjunior1234/?ref=br_rs
GERALDO SIMÕES,,74566,BA,geraldo1330,,https://www.facebook.com/geraldosimoespt/?ref=br_rs
IRMÃO LAZARO,ANTONIO LAZARO SILVA,178855,BA,irmaolazaro,,https://pt-br.facebook.com/deputadofederalirmaolazaro/
JORGE SOLLA,JORGE JOSE SANTOS PEREIRA SOLLA,178857,BA,depjorgesolla,,https://www.facebook.com/depjorgesolla/?ref=br_rs
JOSIAS GOMES,,74141,BA,josiasgomesba,,https://www.facebook.com/josiasgomes1312
JOSÉ CARLOS ALELUIA,JOSÉ CARLOS ALELUIA COSTA,74553,BA,aleluiacosta,,https://www.facebook.com/josecarlosaleluia/?ref=br_rs
JOSÉ CARLOS ARAÚJO,JOSÉ CARLOS LEÃO DE ARAÚJO,74140,BA,depjosecarlos,,https://www.facebook.com/deputadojosecarlosaraujo
JOSÉ NUNES,JOSÉ NUNES SOARES,160619,BA,JoseNunesDep,,https://www.facebook.com/deputadojosenunes/?ref=br_rs
JOSÉ ROCHA,JOSÉ ALVES ROCHA,74554,BA,joserocha_,,https://www.facebook.com/dep.joserocha
JOÃO CARLOS BACELAR,JOÃO CARLOS PAOLILO BACELAR FILHO,141458,BA,deputadobacelar,,https://www.facebook.com/joaobacelar2288
JOÃO GUALBERTO,JOAO GUALBERTO VASCONCELOS,178856,BA,NAO ENCONTRADO,,https://www.facebook.com/JoaoGualbertoOficial/?ref=br_rs
JUTAHY JUNIOR,JUTAHY MAGALHÃES JÚNIOR,74570,BA,NAO ENCONTRADO,,https://www.facebook.com/deputadojutahy
JÂNIO NATAL,,160675,BA,janionatal,,https://www.facebook.com/janionatal/
LUCIO VIEIRA LIMA,LÚCIO QUADROS VIEIRA LIMA,94931,BA,luciovl_,,https://www.facebook.com/lucio.vieiralima.1
LUIZ ALBERTO,,74133,BA,depluizalberto,,https://www.facebook.com/deputadoluizalberto
MAURÍCIO TRINDADE,,141506,BA,depmt,,https://www.facebook.com/mauricio.trindadesecretario/
MÁRCIO MARINHO,MÁRCIO CARLOS MARINHO,150418,BA,dpmarciomarinho,,https://www.facebook.com/marciomarinhopolitico/
MÁRIO NEGROMONTE JR.,MARIO SILVIO MENDES NEGROMONTE JUNIOR,178858,BA,depnegromontejr,,https://www.facebook.com/mario.negromontejunior
NELSON PELLEGRINO,NELSON VICENTE PORTELA PELLEGRINO,74571,BA,nelsonpelegrino,,https://www.facebook.com/nelsonpelegrino/
OZIEL OLIVEIRA,,160650,BA,deputadooziel ,,https://www.facebook.com/oziel.oliveira.718/
PASTOR LUCIANO BRAGA,LUCIANO FRED BRAGA PENHA,193982,BA,prlucianobraga,,https://www.facebook.com/deputadoprlucianobraga/
PAULO AZI,PAULO VELLOSO DANTAS AZI,178860,BA,pauloazi,,https://www.facebook.com/galera.2526
PAULO MAGALHÃES,PAULO SÉRGIO PARANHOS DE MAGALHÃES,74574,BA,paulo_psd,,https://www.facebook.com/paulomagalhaesjr/
ROBERTO BRITTO,ROBERTO PEREIRA DE BRITTO,141529,BA,robertobritto11,,https://www.facebook.com/robertopereirabritto/
ROBINSON ALMEIDA,ROBINSON SANTOS ALMEIDA,91208,BA,robinson1350,,https://www.facebook.com/robinsonalmeida1350
RONALDO CARLETTO,RONALDO CARLETTO,178861,BA,ronaldocarletto,,https://www.facebook.com/RonaldoCarlettoOficial/
RUI COSTA,,104254,BA,costa_rui,,https://www.facebook.com/ruicostaoficial/
SÉRGIO BRITO,SÉRGIO LUÍS LACERDA BRITO,73808,BA,NAO ENCONTRADO,,https://www.facebook.com/depfederalsergiobrito/
TIA ERON,ERONILDES VASCONCELOS CARVALHO,178862,BA,TiaEron,,https://www.facebook.com/TiaEron/
ULDURICO JUNIOR,ULDURICO ALENCAR PINTO,178863,BA,ulduricopinto,,https://www.facebook.com/ulduricojunior/
VALMIR ASSUNÇÃO,VALMIR CARLOS DA ASSUNÇÃO,160610,BA,falavalmir,,https://www.facebook.com/falavalmir/
WALDENOR PEREIRA,WALDENOR ALVES PEREIRA FILHO,160569,BA,waldenorpereira,,https://www.facebook.com/deputadowaldenorpereira/
ADAIL CARNEIRO,JOSE ADAIL CARNEIRO SILVA,178864,CE,adail12321,,https://www.facebook.com/adailcarneiro11/
ANDRÉ FIGUEIREDO,ANDRÉ PEIXOTO FIGUEIREDO LIMA,133439,CE,andrepdt12,,https://www.facebook.com/DeputadoAndreFigueiredo/?ref=br_rs
ANTONIO BALHMANN,,74213,CE,Dep_Balhmann,,https://www.facebook.com/balhmann?ref=br_rs
ANÍBAL GOMES,ANÍBAL FERREIRA GOMES,74212,CE,NAO ENCONTRADO,,NÃO ENCONTRADO
ARIOSTO HOLANDA,FRANCISCO ARIOSTO HOLANDA,74103,CE,deputadoariosto,,https://www.facebook.com/deputadoariostoholanda/?ref=br_rs
ARTUR BRUNO,,160678,CE,arturbruno,,https://www.facebook.com/artur.bruno.oficial/?ref=br_rs
CABO SABINO,FLAVIO ALVES SABINO,178865,CE,cabo_sabino ‏,,https://www.facebook.com/DepCaboSabino/?ref=br_rs
CHICO LOPES,FRANCISCO LOPES DA SILVA,141440,CE,Chico_Lopes,,https://www.facebook.com/depchicolopes/?ref=br_rs
DANILO FORTE,FRANCISCO DANILO BASTOS FORTE,62881,CE,DepDaniloForte,,https://www.facebook.com/DepDaniloForte/?ref=br_rs
DOMINGOS NETO,DOMINGOS GOMES DE AGUIAR NETO,143632,CE,Domingos_Neto,,https://www.facebook.com/DomingosNetoCeara/?ref=br_rs
EDSON SILVA,,74106,CE,depedsonsilva,,NÃO ENCONTRADO
EUDES XAVIER,,141386,CE,EudesXavierPT,,https://www.facebook.com/EudesXavierPT/?ref=br_rs
GENECIAS NORONHA,GENECIAS MATEUS NORONHA,160669,CE,depgenecias,,https://www.facebook.com/Deputado-Federal-Genecias-Noronha-213910975288105/?ref=br_rs
GORETE PEREIRA,MARIA GORETE PEREIRA,129618,CE,d_goretepereira,,https://www.facebook.com/deputadagoretepereira/?ref=br_rs
JOSÉ AIRTON CIRILO,JOSÉ AIRTON FÉLIX CIRILO DA SILVA,141464,CE,JoseAirtonPT,,https://www.facebook.com/Joseairtoncirilo/?ref=br_rs
JOSÉ GUIMARÃES,JOSÉ NOBRE GUIMARÃES,141470,CE,guimaraes13PT,,https://www.facebook.com/DeputadoJoseGuimaraes/?ref=br_rs
JOSÉ LINHARES,,74297,CE,padreze,,https://www.facebook.com/jose.linhares.71
JOÃO ANANIAS,,160574,CE,depjoaoananias,,https://www.facebook.com/Deputado-Federal-Jo%C3%A3o-Ananias-577591372290851/
LEÔNIDAS CRISTINO,JOSÉ LEÔNIDAS DE MENEZES CRISTINO,74299,CE,leonidas9099,joseleonidas,https://www.facebook.com/Le%C3%B4nidas-Cristino-1271496449602306/?ref=br_rs
LUIZIANNE LINS,LUIZIANNE DE OLIVEIRA LINS,178866,CE,Luizianne13PT,,https://www.facebook.com/deputadaluiziannelins/?ref=br_rs
MACEDO,JOSE MARIA MACEDO JUNIOR,178867,CE,,,https://www.facebook.com/profile.php?id=100009238007113&fref=mentions
MANOEL SALVIANO,,74456,CE,depsalviano,,https://www.facebook.com/depfedmanoelsalviano.sobrinho?ref=br_rs
MAURO BENEVIDES,,73588,CE,maurobenevide,,https://www.facebook.com/maurobenevides03/?ref=br_rs
MOSES RODRIGUES,MOSES HAENDEL MELO RODRIGUES,178997,CE,depfederalmoses,,https://www.facebook.com/MosesRodriguess/?ref=br_rs
ODORICO MONTEIRO,LUIZ ODORICO MONTEIRO DE ANDRADE,178868,CE,odoricomonteiro,,https://www.facebook.com/odoricoamonteiro/?ref=br_rs
PAULO HENRIQUE LUSTOSA,PAULO HENRIQUE ELLERY LUSTOSA DA COSTA,141517,CE,paulohelustosa,,https://www.facebook.com/deputadophlustosa/
RAIMUNDO GOMES DE MATOS,RAIMUNDO GOMES DE MATOS,74216,CE,raimundo_matos,,https://www.facebook.com/dr.raimundomatos?ref=br_rs
RAIMUNDÃO,,160516,CE,raimundomacedo,raimundo_macedo,https://www.facebook.com/Raimundao/
RONALDO MARTINS,RONALDO MANCHADO MARTINS,122466,CE,ronaldoprb10,,https://www.facebook.com/ronaldo10oficial/?ref=br_rs
VAIDON OLIVEIRA,FRANCISCO VAIDON OLIVEIRA,195866,CE,NAO ENCONTRADO,,https://www.facebook.com/deputadofederalvaidon.oliveira/?ref=br_rs
VITOR VALIM,VITOR PEREIRA VALIM,178869,CE,vitorvalim,,https://www.facebook.com/vitorvalimfanpage/?ref=br_rs
ALBERTO FRAGA,JOÃO ALBERTO FRAGA SILVA,73579,DF,alberto_fraga,,https://www.facebook.com/albertofraga.oficial/
AUGUSTO CARVALHO,AUGUSTO SILVEIRA DE CARVALHO,73655,DF,augustodeputado,,https://www.facebook.com/Dep.AugustoCarvalho/
ERIKA KOKAY,ÉRIKA JUCÁ KOKAY,160575,DF,erikakokay,,https://www.facebook.com/ErikaKokay
IZALCI LUCAS,IZALCI LUCAS FERREIRA,4931,DF,IzalciLucas,,https://www.facebook.com/izalci
JAQUELINE RORIZ,,97822,DF,roriz_jaqueline,,https://www.facebook.com/deputadajaquelineroriz
LAERTE BESSA,LAERTE RODRIGUES DE BESSA,141478,DF,laerte_bessa,,https://www.facebook.com/laertebessaoficial
LUIZ PITIMAN,,160550,DF,luizpitiman,,https://www.facebook.com/LuizPitimanOficial
POLICARPO,,162174,DF,policarpo_ptdf,,https://www.facebook.com/policarpo.pt
RICARDO QUIRINO,,150634,DF,depquirino,,https://www.facebook.com/RicardoQuirinoOficial/
ROGÉRIO ROSSO,ROGÉRIO SCHUMANN ROSSO,160426,DF,,,https://www.facebook.com/RogerioRossoOficial
RONALDO FONSECA,RONALDO FONSECA DE SOUZA,160637,DF,DepRonaldo,,https://www.facebook.com/ronaldofonsecaoficial
RÔNEY NEMER,RÔNEY TANIOS NEMER,178870,DF,roneynemer,,https://www.facebook.com/roneynemerdf
CAMILO COLA,,141395,ES,camilocola1544,,NÃO ENCONTRADO
CARLOS MANATO,CARLOS HUMBERTO MANNATO,74163,ES,,,https://www.facebook.com/deputado.manato/
CESAR COLNAGO,,160664,ES,cesarcolnago,,https://www.facebook.com/ColnagoCesar/?ref=br_rs
DR. JORGE SILVA,JORGE SILVA,160643,ES,DrJorge1211,,https://www.facebook.com/DrJorgeSilva/
EVAIR VIEIRA DE MELO,EVAIR VIEIRA DE MELO,178871,ES,,,https://www.facebook.com/evair.vieirademelo/
GIVALDO VIEIRA,GIVALDO VIEIRA DA SILVA,178872,ES,,,https://www.facebook.com/GivaldoVieiraES/
HELDER SALOMÃO,HELDER IGNACIO SALOMAO,178873,ES,,,https://www.facebook.com/helder.salomao.313/
LAURIETE,,160534,ES,2010lauriete,,https://www.facebook.com/DeputadaFederalLauriete/
LELO COIMBRA,WELINGTON COIMBRA,141562,ES,,,https://www.facebook.com/falecomlelo/?ref=br_rs
MARCUS VICENTE,MARCUS ANTÔNIO VICENTE,74235,ES,,,https://www.facebook.com/dep.marcusvicente/
NORMA AYUB,NORMA AYUB ALVES,66179,ES,,,https://www.facebook.com/DeputadaNormaAyubAlves/
PAULO FOLETTO,PAULO ROBERTO FOLETTO,160517,ES,DeputadoFoletto,,https://www.facebook.com/PauloFoletto/
ROSE DE FREITAS,,73507,ES,DepRosedFreitas,,https://www.facebook.com/senadorarosedefreitas/
SERGIO VIDIGAL,ANTONIO SERGIO ALVES VIDIGAL,178874,ES,,,https://www.facebook.com/vidigalsergio/
SUELI VIDIGAL,,141548,ES,suelividigal_es,,https://www.facebook.com/suelividigalII/
ALEXANDRE BALDY,ALEXANDRE BALDY DE SANT'ANNA BRAGA,178875,GO,alexandrebaldy,,https://www.facebook.com/alexandrebaldyoficial/
ARMANDO VERGÍLIO,,160546,GO,armandovergilio,,https://www.facebook.com/armandovergilio/
CÉLIO SILVEIRA,CELIO ANTONIO DA SILVEIRA,178876,GO,,,https://www.facebook.com/CelioSilveiraOficial
DANIEL VILELA,DANIEL ELIAS CARVALHO VILELA,144523,GO,,,https://www.facebook.com/danielvilelaoficial/
DELEGADO WALDIR,WALDIR SOARES DE OLIVEIRA,164359,GO,,,https://www.facebook.com/delegado.waldir/
FLÁVIA MORAIS,FLÁVIA CARREIRO ALBUQUERQUE MORAIS,160598,GO,depflaviamorais,,https://www.facebook.com/flavia.morais.714049/
FÁBIO SOUSA,FABIO FERNANDES DE SOUSA,178877,GO,,,https://www.facebook.com/FabioSousaOficial/
GIUSEPPE VECCI,GIUSEPPE VECCI,178878,GO,,,https://www.facebook.com/profile.php?id=100012342495041
HEULER CRUVINEL,HEULER ABREU CRUVINEL,160596,GO,heulercruvinel,,https://www.facebook.com/heulercruvineloficial/
JORGE PINHEIRO,,73569,GO,jorgepinheiro10,,https://www.facebook.com/bpjorgeoficial/
JOVAIR ARANTES,JOVAIR DE OLIVEIRA ARANTES,73666,GO,,,https://www.facebook.com/jovairarantes1414/
JOÃO CAMPOS,JOÃO CAMPOS DE ARAÚJO,74366,GO,depjoaocampos,,https://www.facebook.com/deputadojoaocampos/
LEANDRO VILELA,,74367,GO,leandrovilela15,,NÃO ENCONTRADO
LUCAS VERGILIO,LUCAS DE CASTRO SANTOS,178879,GO,,,https://www.facebook.com/lucasvergilio7777/
MAGDA MOFATTO,MAGDA MOFATTO HON,166402,GO,Magdamofatto,,https://www.facebook.com/MagdaMofatto.Goias/?hc_ref=SEARCH
MARCOS ABRÃO,MARCOS ABRAO RORIZ SOARES DE CARVALHO,178880,GO,,,https://www.facebook.com/MarcosAbrao/
MARINA SANTANNA,,164361,GO,marinasantanna,deputadamarina,https://www.facebook.com/marinasantanna.face/
PEDRO CHAVES,PEDRO PINHEIRO CHAVES,74812,GO,,,https://www.facebook.com/pedrochaves15/
ROBERTO BALESTRA,ROBERTO EGÍDIO BALESTRA,73674,GO,robertobalestra,,https://www.facebook.com/robertobalestraequipe/
RONALDO CAIADO,,74813,GO,deputadocaiado,,https://www.facebook.com/ronaldocaiado25/
RUBENS OTONI,RUBENS OTONI GOMIDE,74371,GO,,,https://www.facebook.com/rubensotoni/
SANDES JÚNIOR,,74372,GO,sandes_junior,,https://www.facebook.com/sandesjunior/
SANDRO MABEL,,73676,GO,sandromabel,,https://www.facebook.com/sandromabel15/
THIAGO PEIXOTO,THIAGO MELLO PEIXOTO DA SILVEIRA,160617,GO,thiagopeixoto,,https://www.facebook.com/ThiagoPeixotoGo/
VALDIVINO DE OLIVEIRA,,162490,GO,valdivino_de_o,,https://www.facebook.com/valdivinodeoliveira/
VILMAR ROCHA,,73677,GO,vilmar_rocha,,https://www.facebook.com/vilmarrocha55/?ref=br_rs
ÍRIS DE ARAÚJO,,141453,GO,gab_donairis,,https://www.facebook.com/DepIrisAraujo/
ALBERTO FILHO,JOSÉ ALBERTO OLIVEIRA VELOSO FILHO,160582,MA,DepAlbertofilho,,https://www.facebook.com/j.albertofilho/
ALUISIO MENDES,ALUISIO GUIMARAES MENDES FILHO,178881,MA,,,https://www.facebook.com/AluisioMendesOficial/
ANDRÉ FUFUCA,ANDRE LUIZ CARVALHO RIBEIRO,178882,MA,,,https://www.facebook.com/andrefufuca/
CARLOS BRANDÃO,,141402,MA,Carlos_Brandao,,https://www.facebook.com/carlosbrandaoma/
CLEBER VERDE,CLEBER VERDE CORDEIRO MENDES,141408,MA,,,https://www.facebook.com/cleberverde.1010
COSTA FERREIRA,,74016,MA,costaf2010,,https://www.facebook.com/costa.ferreira.50
DAVI ALVES SILVA JÚNIOR,,141412,MA,depdavialves,,https://www.facebook.com/davialvessilvajunior/
ELIZIANE GAMA,ELIZIANE PEREIRA GAMA FERREIRA,178883,MA,,,https://www.facebook.com/elizianegama/
FRANCISCO ESCÓRCIO,,137983,MA,ChiquinEscorcio,,https://www.facebook.com/chiquinhoescorcio1
HILDO ROCHA,HILDO AUGUSTO DA ROCHA NETO,178884,MA,,,https://www.facebook.com/hildorocha1/
HÉLIO SANTOS,,160590,MA,heliosantos4545,,NÃO ENCONTRADO
JOSÉ REINALDO,José Reinaldo Carneiro Tavares,73714,MA,,,https://www.facebook.com/zereinaldot/
JOÃO MARCELO SOUZA,JOÃO MARCELO SANTOS SOUZA,112437,MA,,,https://www.facebook.com/deputadojoaomarcelo/
JULIÃO AMIN,JULIÃO AMIN CASTRO,141474,MA,,,https://www.facebook.com/juliaoamin
JUNIOR MARRECA,ANTONIO DA CRUZ FILGUEIRA JUNIOR,178885,MA,juniormarreca,,https://www.facebook.com/juniormarrecaoficial
JUSCELINO FILHO,JOSE JUSCELINO DOS SANTOS REZENDE FILHO,178886,MA,,,https://www.facebook.com/DepJuscelinoFilho/
LUANA COSTA,LUANA MARIA DA SILVA COSTA,81366,MA,,,https://www.facebook.com/depLuanaCosta/
PEDRO FERNANDES,PEDRO FERNANDES RIBEIRO,74449,MA,,,https://www.facebook.com/DeputadoFederalPedroFernandes/
PINTO ITAMARATY,,141465,MA,pintoitamaraty,,https://www.facebook.com/PintoItamaraty/
PROFESSOR SETIMO,,141543,MA,profsetimo,,https://www.facebook.com/professorsetimowaquim
RIBAMAR ALVES,,74027,MA,RibamarAlvesPSB,,https://www.facebook.com/people/Ribamar-Alves/1750119485
RUBENS PEREIRA JÚNIOR,RUBENS PEREIRA E SILVA JUNIOR,178887,MA,rubenspereirajr,,https://www.facebook.com/Deprubenspereirajr
SARNEY FILHO,,74210,MA,sarneyfilho,,https://www.facebook.com/sarneyfilho/
VICTOR MENDES,CARLOS VICTOR GUTERRES MENDES,178888,MA,NAO ENCONTRADO,,https://www.facebook.com/victormendesma/
WALDIR MARANHÃO,WALDIR MARANHÃO CARDOSO,141558,MA,WaldirMaranhao,,https://www.facebook.com/fapagewaldirmaranhao/
WEVERTON ROCHA,WEVERTON ROCHA MARQUES DE SOUSA,167493,MA,wevertonrocha,,https://www.facebook.com/wevertonrocha12/
ZÉ CARLOS,JOSÉ CARLOS NUNES JÚNIOR,178889,MA,Dep_ZeCarlosPT,,https://www.facebook.com/DepZeCarlosPT
ADELMO CARNEIRO LEÃO,ADELMO CARNEIRO LEAO,178890,MG,deputadoadelmo,,https://www.facebook.com/deputadoadelmo/
ADEMIR CAMILO,ADEMIR CAMILO PRATES RODRIGUES,133374,MG,depademircamilo,,https://www.facebook.com/DeputadoAdemirCamilo
AELTON FREITAS,AELTON JOSÉ DE FREITAS,141372,MG,aeltonfreitasmg,,https://www.facebook.com/AeltonFreitasMG
ANTÔNIO ANDRADE,,141387,MG,AntonioAndraDep,,https://www.facebook.com/antonioandrade.pmdb/
ANTÔNIO ROBERTO,,141390,MG,antonioroberto_,,https://www.facebook.com/dep.antonioroberto (pgquebrada)
BERNARDO SANTANA DE VASCONCELLOS,,109152,MG,SantanaBernardo,,www.facebook.com/SecretarioBernardoSantana (pgquebrada)
BILAC PINTO,OLAVO BILAC PINTO NETO,141513,MG,bilac_pinto,bilacpinto2010,https://www.facebook.com/bilac.pinto.5
BONIFÁCIO DE ANDRADA,BONIFÁCIO JOSÉ TAMM DE ANDRADA,74650,MG,BAndrada,,https://www.facebook.com/Dep.BonifacioAndrada/
BRUNNY,BRUNIELE FERREIRA GOMES,178999,MG,deputadabrunny,,https://www.facebook.com/deputadabrunny/
CAIO NARCIO,CAIO NARCIO RODRIGUES DA SILVEIRA,178891,MG,caionarcio,,https://www.facebook.com/caionarcio/
CARLAILE PEDROSA,,160585,MG,CARLAILEPSDB,,NÃO ENCONTRADO
CARLOS MELLES,CARLOS DO CARMO ANDRADE MELLES,74651,MG,CarlosMelles,,https://www.facebook.com/DeputadoCarlosMelles
DELEGADO EDSON MOREIRA,EDSON MOREIRA DA SILVA,178893,MG,DelegadoMoreira,,https://www.facebook.com/DelegadoEdsonMoreiraPolitico
DIEGO ANDRADE,DIEGO LEONARDO DE ANDRADE CARVALHO,160588,MG,,,https://www.facebook.com/diegoandrademg/
DIMAS FABIANO,DIMAS FABIANO TOLEDO JÚNIOR,160599,MG,depdimasfabiano,,https://www.facebook.com/depdimasfabiano.toledo
DOMINGOS SÁVIO,DOMINGOS SÁVIO CAMPOS RESENDE,160758,MG,DomingosSavioMG,,https://www.facebook.com/domingossaviomg/
DÂMINA PEREIRA,DAMINA DE CARVALHO PEREIRA,178892,MG,,,https://www.facebook.com/deputadafederaldaminapereira/
EDUARDO BARBOSA,EDUARDO LUIZ BARROS BARBOSA,74655,MG,eduardobarbosa_,,https://www.facebook.com/deputadofederaleduardobarbosa/
EROS BIONDINI,EROS FERREIRA BIONDINI,160640,MG,erosbiondini,,https://www.facebook.com/erosbiondini/
FRANKLIN LIMA,FRANKLIN ROBERTO DE LIMA SOUZA,186775,MG,dep_franklin,,https://www.facebook.com/prfranklin/
FÁBIO RAMALHO,FÁBIO AUGUSTO RAMALHO DOS SANTOS,141427,MG,_FabinhoRamalho,,https://www.facebook.com/deputadofabioramalho4311
GABRIEL GUIMARÃES,GABRIEL GUIMARÃES DE ANDRADE,129037,MG,,,https://www.facebook.com/mandatogabrielguimaraes/
GEORGE HILTON,GEORGE HILTON DOS SANTOS CECÍLIO,141441,MG,georgehilton40,,https://www.facebook.com/GeorgeHilton.MG/
GERALDO THADEU,,74151,MG,GeraldoThadeu23,,https://www.facebook.com/geraldothadeu
GILMAR MACHADO,,74581,MG,DeputadoGilmar,,https://www.facebook.com/PrefeitoGilmarMachado/
JAIME MARTINS,JAIME MARTINS FILHO,74665,MG,JaiminhoMartins,jaiminhonarede,https://www.facebook.com/jaiminho.martins/
JOSÉ HUMBERTO,,160396,MG,DepJoseHumberto,,https://www.facebook.com/deputadofederaljosehumberto/
JOÃO BITTAR,,141457,MG,depjoaobittar,,https://www.facebook.com/bittarjoao/ (pagquebrada)
JÔ MORAES,MARIA DO SOCORRO JÔ MORAES,141503,MG,jomoraes,,https://www.facebook.com/deputadajomoraes/
JÚLIO DELGADO,JÚLIO CÉSAR DELGADO,73586,MG,depjuliodelgado,,https://www.facebook.com/DeputadoJulioDelgado/
LAUDIVIO CARVALHO,LAUDIVIO ALVARENGA CARVALHO,178894,MG,laudivioc,laudivio,https://www.facebook.com/Laudiviocarvalho/
LEONARDO MONTEIRO,JOSÉ LEONARDO COSTA MONTEIRO,74156,MG,depleomonteiro,,https://www.facebook.com/depleomonteiro
LEONARDO QUINTÃO,LEONARDO LEMOS BARROS QUINTÃO,141482,MG,leonardoquintao,,https://www.facebook.com/deputadoleonardoquintao
LINCOLN PORTELA,LINCOLN DINIZ PORTELA,74585,MG,lincoln_portela,,https://www.facebook.com/deputadolincolnportela/
LUIS TIBÉ,LUIS HENRIQUE DE OLIVEIRA RESENDE,160510,MG,LuisTibeOficial,,https://www.facebook.com/luistibe
LUIZ FERNANDO FARIA,LUIZ FERNANDO RAMOS FARIA,141487,MG,depluizfernando,,https://www.facebook.com/deputadoluizfernando/
MARCELO ARO,MARCELO GUILHERME DE ARO FERREIRA,146788,MG,marceloaro,,https://www.facebook.com/marceloaro/
MARCELO ÁLVARO ANTÔNIO,MARCELO HENRIQUE TEIXEIRA DIAS,179000,MG,Marceloalvaroan,,https://www.facebook.com/marceloalvaroantonio/
MARCOS MONTES,MARCOS MONTES CORDEIRO,141500,MG,DepMarcosMontes,,https://www.facebook.com/deputadomarcosmontes/
MARCUS PESTANA,MARCUS VINÍCIUS CAETANO PESTANA DA SILVA,159238,MG,marcus_pestana,,https://www.facebook.com/depmarcuspestana/
MARGARIDA SALOMÃO,MARIA MARGARIDA MARTINS SALOMÃO,171619,MG,JFMargarida,,https://www.facebook.com/jfmargarida/
MAURO LOPES,MAURO RIBEIRO LOPES,74749,MG,depmaurolopes,,https://www.facebook.com/familiamaurolopes/?ref=br_rs
MISAEL VARELLA,MISAEL ARTUR FERREIRA VARELLA,178895,MG,,,https://www.facebook.com/deputadomisaelvarella/
MÁRIO HERINGER,MÁRIO LÚCIO HERINGER,74158,MG,mario_heringer,,https://www.facebook.com/mario.heringer?ref=br_rs
NEWTON CARDOSO,,74750,MG,newtoncardoso_,,https://www.facebook.com/Newton-Cardoso-245606048835359/?ref=br_rs
NEWTON CARDOSO JR,NEWTON CARDOSO JUNIOR,178896,MG,newton1510,,https://www.facebook.com/NewtonCardosoJr/?ref=br_rs
PADRE JOÃO,JOÃO CARLOS SIQUEIRA,160556,MG,dep_padrejoao,,https://www.facebook.com/padrejoao/
PATRUS ANANIAS,PATRUS ANANIAS DE SOUSA,74160,MG,Patrus_Ananias,VotePatrus13‏ ‏,https://www.facebook.com/patrusananias13/
PAULO ABI-ACKEL,PAULO ABI-ACKEL,141516,MG,pauloabiackel,,https://www.facebook.com/abiackelpaulo/
PAULO PIAU,,141519,MG,dep_paulopiau,,https://www.facebook.com/prefeitopaulopiau15/
RAQUEL MUNIZ,TANIA RAQUEL DE QUEIROZ MUNIZ,178998,MG,raquel_muniz,,https://www.facebook.com/raquelmuniz/
REGINALDO LOPES,REGINALDO LÁZARO DE OLIVEIRA LOPES,74161,MG,Reginaldolopes,,https://www.facebook.com/ReginaldoLopesOficial/
RENATO ANDRADE,RENATO BARBOSA DE ANDRADE,171620,MG,renatoandrademg,,https://www.facebook.com/renatoandrademg
RENZO BRAZ,RENZO DO AMARAL BRAZ,160654,MG,deputadorenzo,,https://www.facebook.com/deputadorenzobraz
RODRIGO DE CASTRO,RODRIGO BATISTA DE CASTRO,141531,MG,RodrigoCastro45,,https://www.facebook.com/rodrigodecastro45/
RODRIGO PACHECO,RODRIGO OTAVIO SOARES PACHECO,178897,MG,rodrigo15bh,,https://www.facebook.com/rodrigo.pacheco.5264
SARAIVA FELIPE,JOSÉ SARAIVA FELIPE,74762,MG,JSaraivaFelipe,,https://www.facebook.com/saraivafelipe
STEFANO AGUIAR,STEFANO AGUIAR DOS SANTOS,92776,MG,depstefano,,https://www.facebook.com/PastorStefanoAguiar/
SUBTENENTE GONZAGA,LUIZ GONZAGA RIBEIRO,177282,MG,SubGonzagaMG,,https://www.facebook.com/Deputado-Subtenente-Gonzaga-446410602056683/
TENENTE LÚCIO,SERGIO LUCIO DE ALMEIDA,178898,MG,deptenentelucio,,https://www.facebook.com/tenentelucio/
TONINHO PINHEIRO,ANTÔNIO PINHEIRO JÚNIOR,160611,MG,pinheirotoninho,,https://www.facebook.com/ToninhoPinheiroOficial/
VITOR PENIDO,,141557,MG,vitorpenidomg,,https://www.facebook.com/VitorpenidoNL/
WALTER TOSTA,,160609,MG,waltertostamg,,https://www.facebook.com/waltertosta/
WELITON PRADO,WELITON FERNANDES PRADO,160518,MG,pradoweliton,,https://www.facebook.com/WelitonPrado
ZÉ SILVA,JOSÉ SILVA SOARES,160632,MG,ZeSilva_,DEPZESILVA,https://www.facebook.com/deputadofederalzesilva/
BIFFI,,74373,MS,DeputadoBiffi,,https://www.facebook.com/antoniocarlos.biffi/
CARLOS MARUN,CARLOS EDUARDO XAVIER MARUN,178900,MS,deputadomarun,,https://www.facebook.com/carlos.marun/
DAGOBERTO NOGUEIRA,DAGOBERTO NOGUEIRA FILHO,141411,MS,dagobertopdt,,https://www.facebook.com/dagobertopdt/
ELIZEU DIONIZIO,ELIZEU DIONIZIO SOUZA  DA SILVA,181316,MS,elizeudionizio,,https://www.facebook.com/ElizeuDionizioMS/
GERALDO RESENDE,GERALDO RESENDE PEREIRA,74374,MS,dep_geraldo,,https://www.facebook.com/GeraldoResendeMS/
GIROTO,,160562,MS,girotofederal,,https://www.facebook.com/girotoedson/
MANDETTA,LUIZ HENRIQUE MANDETTA,160633,MS,depmandetta,,https://www.facebook.com/henriquemandetta/
MARÇAL FILHO,,74124,MS,Marcal_Oficial,,https://www.facebook.com/marcalfilhoms/
TEREZA CRISTINA,TEREZA CRISTINA CORREA DA COSTA DIAS,178901,MS,terezacrisms,,https://www.facebook.com/terezacristinams/
VANDER LOUBET,VANDER LUIZ DOS SANTOS LOUBET,74376,MS,vanderloubet,,https://www.facebook.com/vanderfazmais/
ZECA DO PT,JOSE ORCIRIO MIRANDA DOS SANTOS,178902,MS,zecadopt,,https://www.facebook.com/zecadopt13/
ADILTON SACHETTI,ADILTON DOMINGOS SACHETTI,178903,MT,adiltonsachetti,,https://www.facebook.com/AdiltonSachetti/
CARLOS BEZERRA,CARLOS GOMES BEZERRA,141401,MT,CarlosBezerraJr,,https://www.facebook.com/carlosbezerrajr1/
EZEQUIEL FONSECA,EZEQUIEL ANGELO FONSECA,178904,MT,,,https://www.facebook.com/EzequielFonsecaMT/
FABIO GARCIA,FABIO PAULINO GARCIA,178905,MT,,,https://www.facebook.com/oficialfabiogarcia/
JÚLIO CAMPOS,,160519,MT,DepJulioCampos,,https://www.facebook.com/DeputadoJulioCampos/
NERI GELLER,,146307,MT,NeriGeller,,https://www.facebook.com/neri.geller
NILSON LEITÃO,NILSON APARECIDO LEITÃO,166401,MT,Nilson_Leitao,,https://www.facebook.com/nilsonleitao/
PROFESSOR VICTÓRIO GALLI,VICTORIO GALLI FILHO,148134,MT,,,https://www.facebook.com/VictorioGalliOficial/
ROBERTO DORNER,,161903,MT,DeputadoRDorner,,https://www.facebook.com/robertodornersinop/
SÁGUAS MORAES,SÁGUAS MORAES SOUSA,160630,MT,,,https://www.facebook.com/saguasfederal/
VALTENIR PEREIRA,VALTENIR LUIZ PEREIRA,141552,MT,DepValtenir,,https://www.facebook.com/valtenirpereiraoficial/
ANDRÉ DIAS,,161905,PA,andredias4500,,https://www.facebook.com/Andr%C3%A9-Dias-Deputado-Federal-4500-161378187221311/
ARNALDO JORDY,ARNALDO JORDY FIGUEIREDO,160602,PA,arnaldojordy,,https://www.facebook.com/arnaldojordy/
BETO FARO,JOSÉ ROBERTO OLIVEIRA FARO,141335,PA,,,https://www.facebook.com/beto.faro.5/
BETO SALAME,ROBERTO SALAME FILHO,178906,PA,,,https://www.facebook.com/betosalame/
CLÁUDIO PUTY,,160557,PA,claudioputy,,https://www.facebook.com/ClaudioPuty/
DELEGADO ÉDER MAURO,EDER MAURO CARDOSO BARRA,178908,PA,,,https://www.facebook.com/edermauroficial/
DUDIMAR PAXIUBA,,161904,PA,DudimarPaxiuba,,https://www.facebook.com/depdudimarpaxiuba.azevedo
EDMILSON RODRIGUES,EDMILSON BRITO RODRIGUES,134812,PA,,,https://www.facebook.com/edmilsonpsol/
ELCIONE BARBALHO,ELCIONE THEREZINHA ZAHLUTH BARBALHO,74075,PA,elcionepmdb,,https://www.facebook.com/Dep.ElcioneBarbalho/
FRANCISCO CHAPADINHA,FRANCISCO ALVES DE AGUIAR,178907,PA,chapadinha55,,https://www.facebook.com/franciscochapadinha1/
GIOVANNI QUEIROZ,,74077,PA,deputgiovanni,,https://www.facebook.com/DeputadoGiovanniQueiroz/
HÉLIO LEITE,HELIO LEITE DA SILVA,178909,PA,,,https://www.facebook.com/HelioLeite2525
JOAQUIM PASSARINHO,JOAQUIM PASSARINHO PINTO DE SOUZA PORTO,178910,PA,joaquimpassarin,,https://www.facebook.com/joaquimpassarinhooficial/
JOSUÉ BENGTSON,JOSUÉ BENGTSON,74351,PA,josuebengtson,,https://www.facebook.com/JosueBengtson/
JOSÉ PRIANTE,JOSÉ BENITO PRIANTE JÚNIOR,74079,PA,priante,,https://www.facebook.com/AgoraePriante/
JÚLIA MARINHO,JULIA MARIA GODINHO DA CRUZ MARINHO,67312,PA,,,https://www.facebook.com/dep.juliamarinho/
LÚCIO VALE,LÚCIO DUTRA VALE,141484,PA,luciovalepa ,,https://www.facebook.com/LucioVale2222
MIRIQUINHO BATISTA,,160644,PA,miriquinho,,https://www.facebook.com/miriquinho/
NILSON PINTO,NILSON PINTO DE OLIVEIRA,74352,PA,,,https://www.facebook.com/Nilson-Pinto-354764524584734/
SIMONE MORGADO,SIMONE MARIA MORGADO FERREIRA,178911,PA,,,https://www.facebook.com/simonemorgado15/
WANDENKOLK GONÇALVES,,141561,PA,wandenkolk4545,,https://www.facebook.com/depwandenkolk/
WLADIMIR COSTA,WLADIMIR AFONSO DA COSTA RABELO,73930,PA,deputadowlad,,https://www.facebook.com/deputadofederalwlad/
ZENALDO COUTINHO,,74354,PA,zenaldocoutinho,,https://www.facebook.com/zenaldo.coutinho/
ZEQUINHA MARINHO,,73933,PA,zequinhamarinho,,https://www.facebook.com/zequinhamarinhoo/
ZÉ GERALDO,JOSÉ GERALDO TORRES DA SILVA,73931,PA,zegeraldopt,,https://www.facebook.com/zegeraldopt/
AGUINALDO RIBEIRO,AGUINALDO VELLOSO BORGES RIBEIRO,160527,PB,aguinaldo1111,,https://www.facebook.com/Aguinaldo-Ribeiro-139579162731192/
ANDRÉ AMARAL,ANDRÉ AUGUSTO CASTRO DO AMARAL FILHO,195143,PB,NÃO ENCONTRADO,,https://www.facebook.com/andreamaralpb/
BENJAMIN MARANHÃO,BENJAMIN GOMES MARANHÃO NETO,74040,PB,benjamimaranhao,,https://www.facebook.com/benjamin.maranhao/?ref=br_rs
DAMIÃO FELICIANO,DAMIÃO FELICIANO DA SILVA,74467,PB,drdamiao,,https://www.facebook.com/drdamiao/
EFRAIM FILHO,EFRAIM DE ARAÚJO MORAIS FILHO,141422,PB,efraimfilho,,https://www.facebook.com/efraimfilho/
HUGO MOTTA,HUGO MOTTA WANDERLEY DA NÓBREGA,160674,PB,hugomottapb,,https://www.facebook.com/hugomottapb/
LUIZ COUTO,LUIZ ALBUQUERQUE COUTO,74041,PB,luizcoutopt,,https://www.facebook.com/luizcoutopt
NILDA GONDIM,,160564,PB,depnildagondim,,https://www.facebook.com/deputadanildagondim
PEDRO CUNHA LIMA,PEDRO OLIVEIRA CUNHA LIMA,178912,PB,pedroocl,,https://www.facebook.com/pedrocloficial/
RUY CARNEIRO,,160635,PB,depruycarneiro,,https://www.facebook.com/depruycarneiro/
RÔMULO GOUVEIA,RÔMULO JOSÉ DE GOUVEIA,141536,PB,romulogouveia,,https://www.facebook.com/RomuloGouveiaPB/
VENEZIANO VITAL DO RÊGO,VENEZIANO VITAL DO RÊGO SEGUNDO NETO,178913,PB,venezianovital,,https://www.facebook.com/DepVenezianoVital/
WELLINGTON ROBERTO,JOSÉ WELLINGTON ROBERTO,74043,PB,wr22,,https://www.facebook.com/depwellingtonroberto/
WILSON FILHO,JOSÉ WILSON SANTIAGO FILHO,160636,PB,wilsonfilho_,,https://www.facebook.com/wilsonfilhodep/
ADALBERTO CAVALCANTI,ADALBERTO CAVALCANTI RODRIGUES,178914,PE,,,https://www.facebook.com/dep.adalberto.cavalcanti/
ANA ARRAES,,141377,PE,anaarraes4040,,https://www.facebook.com/anaarraes4040
ANDERSON FERREIRA,,160551,PE,federalanderson,,https://www.facebook.com/EuToComAnderson22/
ANDRÉ DE PAULA,ANDRÉ CARLOS ALVES DE PAULA FILHO,74471,PE,,,https://www.facebook.com/andredepaulaoficial
AUGUSTO COUTINHO,AUGUSTO RODRIGUES COUTINHO DE MELO,160665,PE,,,https://www.facebook.com/augusto.coutinho/
BETINHO GOMES,HEBERTE LAMARCK GOMES DA SILVA,178915,PE,betinhogomes,,https://www.facebook.com/betinho45
BRUNO ARAÚJO,,141394,PE,BrunoAraujo4511,,https://www.facebook.com/BrunoAraujoPE
CARLOS EDUARDO CADOCA,CARLOS EDUARDO CINTRA DA COSTA PEREIRA,74474,PE,Cadoca,,https://www.facebook.com/cadocadeputado
CREUZA PEREIRA,CLEUZA PEREIRA DO NASCIMENTO,194258,PE,creuzafederal,,https://www.facebook.com/creuzafederal/
DANIEL COELHO,DANIEL PIRES COELHO,178916,PE,,,https://www.facebook.com/DanielCoelho45/
DANILO CABRAL,DANILO JORGE DE BARROS CABRAL,160528,PE,,,https://www.facebook.com/danilocabral4010/
EDUARDO DA FONTE,EDUARDO HENRIQUE DA FONTE DE ALBUQUERQUE SILVA,141421,PE,eduardodafonte,,https://www.facebook.com/dududafonte/
FERNANDO COELHO FILHO,,141431,PE,FBCFilho,,https://www.facebook.com/fernandofilhope
FERNANDO FERRO,,74417,PE,FerroPT,,https://www.facebook.com/deputadofernandoferro/
FERNANDO MONTEIRO,FERNANDO MONTEIRO DE ALBUQUERQUE,92699,PE,,,https://www.facebook.com/fernandomonteirope/
GONZAGA PATRIOTA,LUIZ GONZAGA PATRIOTA,74419,PE,,,https://www.facebook.com/DepGonzagaPatriota
GUILHERME COELHO,GUILHERME CRUZ DE SOUZA COELHO,194259,PE,,,https://www.facebook.com/guilhermecoelhope/
INOCÊNCIO OLIVEIRA,,74421,PE,Dep_Inocencio,,https://www.facebook.com/Deputado-Inocêncio-Oliveira-168998663293195/
JARBAS VASCONCELOS,Jarbas de Andrade Vasconcelos,131943,PE,,,https://www.facebook.com/JarbasVasconcelos
JORGE CÔRTE REAL,JORGE WICKS CÔRTE REAL,160572,PE,jorgecortereal,,https://www.facebook.com/jorgecorterealpe/
JOSÉ AUGUSTO MAIA,,160661,PE,joseaugustomaia,,https://www.facebook.com/joseaugusto.maia.94
JOSÉ CHAVES,,74423,PE,dep_josechaves,,NÃO ENCONTRADO
JOÃO FERNANDO COUTINHO,JOAO FERNANDO PONTUAL COUTINHO,178917,PE,,,https://www.facebook.com/joaofernandocoutinho/
JOÃO PAULO LIMA,,160549,PE,joaopaulo_pt,,https://www.facebook.com/joaopaulopt13/
KAIO MANIÇOBA,KAIO CESAR DE MOURA MANICOBA NOVAES FERRAZ,178918,PE,,,https://www.facebook.com/deputadokaiomanicoba/
LUCIANA SANTOS,LUCIANA BARBOSA DE OLIVEIRA SANTOS,160628,PE,deputadaluciana,,https://www.facebook.com/deputadalucianaoficial/
MARINALDO ROSENDO,MARINALDO ROSENDO DE ALBUQUERQUE,178919,PE,MarinaldoRosend,,https://www.facebook.com/marinaldo.rosendo/
MENDONÇA FILHO,,74428,PE,mendonca_filho,,https://www.facebook.com/mendoncafilhoPE/
PASTOR EURICO,FRANCISCO EURICO DA SILVA,160642,PE,pastoreurico,,https://www.facebook.com/deputadopastoreurico/
PAULO RUBEM SANTIAGO,,74047,PE,paulorubem,,https://www.facebook.com/paulorubemsantiago
PEDRO EUGÊNIO,,74556,PE,pedroEugeniopt,,Morreu ! =x
RAUL HENRY,,141523,PE,RaulHenry,,https://www.facebook.com/RaulHenryPE/
RICARDO TEOBALDO,RICARDO TEOBALDO CAVALCANTI,178920,PE,psdbricardo45,,http://www.facebook.com/ricardoteobaldooficial
ROBERTO TEIXEIRA,,160652,PE,dep_roberto1122,,https://www.facebook.com/robertoteixeirape/
SERGIO GUERRA,,74435,PE,Sergio_Guerra,,Morreu tambem =x²
SEVERINO NINHO,SEVERINO DE SOUZA SILVA,167614,PE,,,https://www.facebook.com/DeputadoNinho4080/
SILVIO COSTA,SÍLVIO SERAFIM COSTA,4930,PE,silviocosta1410,,https://www.facebook.com/SilvioCosta.PE/
TADEU ALENCAR,FRANCISCO TADEU BARBOSA DE ALENCAR,178922,PE,,,https://www.facebook.com/TadeuAlencar4020
WOLNEY QUEIROZ,WOLNEY QUEIROZ MACIEL,74439,PE,WolneyQueirozM,,https://www.facebook.com/wolneyqueirozpe/
ZECA CAVALCANTI,JOSE CAVALCANTI ALVES JUNIOR,178923,PE,NAO ENCONTRADO,,https://www.facebook.com/zecacavalcantiPTB
ASSIS CARVALHO,FRANCISCO DE ASSIS CARVALHO GONÇALVES,159237,PI,assis_carvalho,,https://www.facebook.com/assiscarvalho.pt
HERÁCLITO FORTES,HERÁCLITO DE SOUSA FORTES,97707,PI,,,https://www.facebook.com/hfortespi/
HUGO NAPOLEÃO,,160974,PI,dephugonapoleao,,https://www.facebook.com/hugonapoleaopiaui/
IRACEMA PORTELLA,IRACEMA MARIA PORTELLA NUNES NOGUEIRA LIMA,67138,PI,iracemaportela,,https://www.facebook.com/iracemaportella/
JESUS RODRIGUES,,160671,PI,Jesus_Rodrigues,,https://www.facebook.com/deputado.jesusrodrigues
JÚLIO CESAR,JÚLIO CÉSAR DE CARVALHO LIMA,74317,PI,DepJulioCesarPI,,https://www.facebook.com/depfederaljuliocesar/
MAIA FILHO,JOSÉ DE ANDRADE MAIA FILHO,151965,PI,josemaiafilho,,https://www.facebook.com/maiafilho11/
MARCELO CASTRO,MARCELO COSTA E CASTRO,74460,PI,MarceloCastroPI,,https://www.facebook.com/MarceloCastro15
MARLLOS SAMPAIO,,121759,PI,marllossampaio,,https://www.facebook.com/marllossampaio/
PAES LANDIM,JOSÉ FRANCISCO PAES LANDIM,74319,PI,,,https://www.facebook.com/paes.landim.56
RODRIGO MARTINS,RODRIGO RODRIGUES DE SOUZA MARTINS,178926,PI,,,https://www.facebook.com/rodrigomartinspi/
SILAS FREIRE,SILAS FREIRE PEREIRA E SILVA,187008,PI,,,https://www.facebook.com/silasfreirepi/
ÁTILA LIRA,ÁTILA FREITAS LIRA,74459,PI,,,https://www.facebook.com/atilafreitaslira/
ABELARDO LUPION,,73764,PR,abelardolupion,,NÃO ENCONTRADO
ALEX CANZIANI,ALEX CANZIANI SILVEIRA,73458,PR,CanzianiAlex,,https://www.facebook.com/canzianialex/
ALFREDO KAEFER,JACOB ALFREDO STOFFELS KAEFER,141454,PR,AlfredoKaefer,,https://www.facebook.com/Dep.AlfredoKaefer/
ALIEL MACHADO,ALIEL MACHADO BARK,178927,PR,alielmachado,,https://www.facebook.com/Alielmachadooficial/
ANDRE VARGAS,,141378,PR,andrevargas13,,NÃO ENCONTRADO
ANDRÉ ZACHAROW,,74377,PR,zacharow,,https://www.facebook.com/andre.zacharow.3
ANGELO VANHONI,,141381,PR,angelovanhoni,,https://www.facebook.com/vanhoni/
ASSIS DO COUTO,ASSIS MIGUEL DO COUTO,74378,PR,assisdocouto,,https://www.facebook.com/deputadoassisdocouto/
CHRISTIANE DE SOUZA YARED,CHRISTIANE DE SOUZA YARED,178928,PR,christianeyared,,https://www.facebook.com/ChristianeYared/
CIDA BORGHETTI,,160580,PR,cidaborghetti_,,https://www.facebook.com/cidaborghettioficial/
DELEGADO FRANCISCHINI,FERNANDO DESTITO FRANCISCHINI,160646,PR,Francischini_,,https://www.facebook.com/FernandoFrancischiniBR
DIEGO GARCIA,DIEGO ALEXSANDER GONCALO PAULA GARCIA,178929,PR,diegogarciapr,,https://www.facebook.com/DiegoGarciaDeputado/
DILCEU SPERAFICO,DILCEU JOÃO SPERAFICO,73768,PR,DepSperafico,,https://www.facebook.com/joao.toledo.355
DR. ROSINHA,,73459,PR,drrosinha,,https://www.facebook.com/DoutorRosinha13
EDMAR ARRUDA,EDMAR DE SOUZA ARRUDA,160578,PR,EdmarArruda,,https://www.facebook.com/EdmarArrudaPR/
EDUARDO SCIARRA,,74382,PR,Eduardo_Sciarra,,https://www.facebook.com/Eduardo-Sciarra-142587495848039/
ENIO VERRI,ENIO JOSÉ VERRI,132504,PR,enioverri,,https://www.facebook.com/enioverri/
EVANDRO ROMAN,EVANDRO ROGERIO ROMAN,178930,PR,roman_evandro,,https://www.facebook.com/evandrorogerio.roman/
GIACOBO,FERNANDO LÚCIO GIACOBO,74383,PR,fernandogiacobo,,https://www.facebook.com/fernandogiacobo/
HERMES PARCIANELLO,HERMES PARCIANELLO,73772,PR,NÃO ENCONTRADO,,NÃO ENCONTRADO
JOÃO ARRUDA,JOÃO JOSÉ DE ARRUDA JÚNIOR,160573,PR,joao_arruda,,https://www.facebook.com/JoaoArruda15/
LEANDRE,LEANDRE DAL PONTE,178832,PR,Leandre4300,,https://www.facebook.com/LeandreOficial/
LEOPOLDO MEYER,LEOPOLDO COSTA MEYER,160663,PR,leopoldo_meyer,,https://www.facebook.com/MeyerFanPage/
LUCIANO DUCCI,LUCIANO DUCCI,178931,PR,LucianoDucci,,https://www.facebook.com/LucianoDucci/
LUIZ CARLOS HAULY,LUIZ CARLOS JORGE HAULY,73778,PR,deputadoHauly,,https://www.facebook.com/luizcarlos.hauly.7
LUIZ NISHIMORI,LUIZ HILOSHI NISHIMORI,162332,PR,luiznishimori,,https://www.facebook.com/nishimoriluiz/
NELSON MEURER,NELSON MEURER,73781,PR,NÃO ENCONTRADO,,NÃO ENCONTRADO
NELSON PADOVANI,NELSON PADOVANI,160566,PR,nelson_padovani,,https://www.facebook.com/deputadonelsonpadovani/
OSMAR BERTOLDI,OSMAR STUART BERTOLDI,180545,PR,bertoldi,,https://www.facebook.com/OsmarSBertoldi/
OSMAR SERRAGLIO,,73463,PR,osmar_serraglio,,https://www.facebook.com/DeputadoOsmarSerraglio/
RATINHO JUNIOR,,141403,PR,ratinho_jr,,https://www.facebook.com/ratinhojunior/
REINHOLD STEPHANES,REINHOLD STEPHANES,73786,PR,R_Stephanes,,https://www.facebook.com/reinhold.stephanes
ROCHA LOURES,RODRIGO SANTOS DA ROCHA LOURES,141532,PR,rodrochaloures,,ESSE JA TA PRESO* (NÃO ENCONTRADO)
ROSANE FERREIRA,,160614,PR,rosanedopv,,https://www.facebook.com/Rosaneprefeita/
RUBENS BUENO,RUBENS BUENO,73466,PR,rubensbuenopps,,https://www.facebook.com/rubensbuenopps/
SANDRO ALEX,SANDRO ALEX CRUZ DE OLIVEIRA,160621,PR,SandroAlex2323,,https://www.facebook.com/sandro.alex.5492
SERGIO SOUZA,SERGIO DE SOUZA,178933,PR,_sergiosouza,,https://www.facebook.com/sergiosouzaPR/
TAKAYAMA,HIDEKAZU TAKAYAMA,74385,PR,pastortakayama,,https://www.facebook.com/Pastortakayama/
TONINHO WANDSCHEER,ANTONIO WANDSCHEER,178934,PR,deputadotoninho,,https://www.facebook.com/DeputadoToninhoWandscheer/
ZECA DIRCEU,JOSÉ CARLOS BECKER DE OLIVEIRA E SILVA,160592,PR,zeca_dirceu,,https://www.facebook.com/deputadofederalzecadirceu/
ADRIAN,,160577,RJ,DepAdrian,,https://www.facebook.com/DepFederalAdrian/
ALESSANDRO MOLON,ALESSANDRO LUCCIOLA MOLON,160511,RJ,AlessandroMolon,,https://www.facebook.com/MolonRJ/
ALEXANDRE SANTOS,,74830,RJ,depAlexandreSRJ,,https://www.facebook.com/lexandresantos45/?hc_ref=SEARCH
ALEXANDRE SERFIOTIS,ALEXANDRE AUGUSTUS SERFIOTIS,178833,RJ,AleSerfiotis,,https://www.facebook.com/alexandreserfiotis/
ALEXANDRE VALLE,ALEXANDRE VALLE CARDOSO,178936,RJ,,,https://www.facebook.com/Valle.Alexandre/
ALFREDO SIRKIS,,116663,RJ,Alfredosirkis,,https://pt-br.facebook.com/alfredo.sirkis/
ALTINEU CÔRTES,ALTINEU CÔRTES FREITAS COUTINHO,178937,RJ,,,https://www.facebook.com/altineu/
ANDREIA ZITO,,141379,RJ,andreia_zito,,https://www.facebook.com/andreiazito/
ANTHONY GAROTINHO,,160539,RJ,blogdogarotinho,,https://www.facebook.com/garotinhooficial/
AROLDE DE OLIVEIRA,AROLDE DE OLIVEIRA,74833,RJ,AroldeOliveira,,https://www.facebook.com/aroldedeoliveira/
AUREO,AUREO LIDIO MOREIRA RIBEIRO,160512,RJ,DeputadoAureo,,https://www.facebook.com/aureodeputado/
BENEDITA DA SILVA,BENEDITA SOUZA DA SILVA SAMPAIO,73701,RJ,,,https://www.facebook.com/blogdabenedita/
BRIZOLA NETO,,141399,RJ,brizola_neto,,https://www.facebook.com/brizolanetoprefeito/
CABO DACIOLO,BENEVENUTO DACIOLO FONSECA DOS SANTOS,178938,RJ,,,https://www.facebook.com/depudadocabodaciolo/
CELSO JACOB,CELSO ALENCAR RAMOS JACOB,73568,RJ,,,https://www.facebook.com/deputadocelsojacob/
CELSO PANSERA,CELSO PANSERA,72912,RJ,celsopansera,,https://www.facebook.com/celsopansera/
CHICO ALENCAR,FRANCISCO RODRIGUES DE ALENCAR FILHO,74171,RJ,depchicoalencar,,https://www.facebook.com/chicoalencar/
CHICO D'ANGELO,FRANCISCO JOSÉ D'ANGELO PINTO,141439,RJ,chico_dangelo,,https://www.facebook.com/chicodangelo/
CRISTIANE BRASIL,CRISTIANE BRASIL FRANCISCO,93472,RJ,Dep_CrisBrasil,,https://www.facebook.com/cristiane.brasil/
CRISTIANO,,114586,RJ,dep_cristiano,,https://www.facebook.com/depcristianoaraujo/
DEJORGE PATRÍCIO,DEJORGE PATRICIO DA SILVA,196357,RJ,,,https://www.facebook.com/dejorgepatricio/
DELEY,WANDERLEY ALVES DE OLIVEIRA,74172,RJ,depdeley,,https://www.facebook.com/deputadodeley/
DR. ADILSON SOARES,,141371,RJ,draluizio_news,,NÃO ENCONTRADO
DR. ALUIZIO,,160529,RJ,draluiziojunior,,https://www.facebook.com/draluizioprefeito/
EDSON EZEQUIEL,,74838,RJ,depezequiel,,https://www.facebook.com/deputadoezequiel
EDSON SANTOS,,141419,RJ,depedsonsantos,,https://www.facebook.com/deputadoedsonsantos
EDUARDO CUNHA,,74173,RJ,DepEduardoCunha,,https://www.facebook.com/DeputadoEduardoCunha/
EZEQUIEL TEIXEIRA,EZEQUIEL CORTAZ TEIXEIRA,178941,RJ,,,https://www.facebook.com/deputadoezequielteixeira/
FELIPE BORNIER,FELIPE LEONE BORNIER DE OLIVEIRA,141430,RJ,felipebornierrj,,https://www.facebook.com/FelipeBornier/
FERNANDO JORDÃO,,163831,RJ,fernandojordao,,https://www.facebook.com/fernando.jordao/
FILIPE PEREIRA,,141433,RJ,filipepereira20,,https://www.facebook.com/DeputadoFilipePereiraOficial/
FRANCISCO FLORIANO,FRANCISCO FLORIANO DE SOUSA SILVA,160677,RJ,dep_francisco,,https://www.facebook.com/DepFranciscoFloriano/
GLAUBER BRAGA,GLAUBER DE MEDEIROS BRAGA,152605,RJ,Glauber_Braga,,https://www.facebook.com/glauber.braga1/
HUGO LEAL,HUGO LEAL MELO DA SILVA,141450,RJ,dephugoleal,,https://www.facebook.com/hugo.leal.758/
JAIR BOLSONARO,JAIR MESSIAS BOLSONARO,74847,RJ,jairbolsonaro,,https://www.facebook.com/jairmessias.bolsonaro/
JANDIRA FEGHALI,JANDIRA FEGHALI,74848,RJ,jandira_feghali,,https://www.facebook.com/sigajandira2/
JEAN WYLLYS,JEAN WYLLYS DE MATOS SANTOS,160672,RJ,jeanwyllys_real,,https://www.facebook.com/jean.wyllys/
JULIO LOPES,JULIO LUIZ BAPTISTA LOPES,74253,RJ,,,https://www.facebook.com/juliolopesfanpagerj/
LAURA CARNEIRO,MARIA LAURA MONTEZA DE SOUZA CARNEIRO,74856,RJ,,,https://www.facebook.com/lauracarneirorio/
LUIZ CARLOS RAMOS,LUIZ CARLOS RAMOS,178802,RJ,,,https://www.facebook.com/luizcarlosramosfilhoamoraosanimais/
LUIZ SÉRGIO,LUIZ SÉRGIO NÓBREGA DE OLIVEIRA,74688,RJ,,,https://www.facebook.com/luizsergio.pt/
MARCELO DELAROLI,MARCELO JANDRE DELAROLI,195826,RJ,,,https://www.facebook.com/MarceloDelaroliOficial/
MARCELO MATOS,MARCELO VIVIANI GONÇALVES,76287,RJ,,,https://www.facebook.com/deputadomarcelomatos/
MARCO ANTÔNIO CABRAL,MARCO ANTONIO NEVES CABRAL,178942,RJ,,,https://www.facebook.com/marcoantonio.nevescabral/
MARCOS SOARES,MARCOS BEZERRA RIBEIRO SOARES,178943,RJ,,,https://www.facebook.com/DeputadoMarcosSoares/
MIRO TEIXEIRA,MIRO TEIXEIRA,74862,RJ,,,https://www.facebook.com/miroteixeira9000
NEILTON MULIM,,141510,RJ,depneiltonmulim ,,https://www.facebook.com/neilton.mulim.7
OTAVIO LEITE,OTAVIO SANTOS SILVA LEITE,141515,RJ,otavioleite,,https://www.facebook.com/OtavioLeite/
PAULO FEIJÓ,PAULO FERNANDO FEIJO TORRES,74017,RJ,paulofeijo2288,,https://www.facebook.com/deputadopaulofeijo/
PEDRO PAULO,PEDRO PAULO CARVALHO TEIXEIRA,122158,RJ,pedropaulo,,https://www.facebook.com/rio.pedropaulo/
ROBERTO SALES,ROBERTO DA SILVA SALES,178944,RJ,NÃO ENCONTRADO,,https://www.facebook.com/robertosalesoficial/
RODRIGO MAIA,RODRIGO FELINTO IBARRA EPITÁCIO MAIA,74693,RJ,DepRodrigomaia,,https://www.facebook.com/RodrigoMaiaRJ/
ROMÁRIO,,160597,RJ,RomarioOnze,,https://www.facebook.com/romariodesouzafaria/
ROSANGELA GOMES,ROSANGELA DE SOUZA GOMES,178945,RJ,rosangelasgomes,,https://www.facebook.com/deputadarosangelagomes/
SERGIO ZVEITER,SERGIO ZVEITER,160612,RJ,zveitersergio,,https://www.facebook.com/sergio.zveiter/
SIMÃO SESSIM,SIMÃO SESSIM,73424,RJ,simao_sessim,,https://www.facebook.com/profile.php?id=100017054522388&hc_ref=SEARCH
SOLANGE ALMEIDA,,141547,RJ,solangealmeida_,,NÃO ENCONTRADO
SORAYA SANTOS,SORAYA ALENCAR DOS SANTOS,178946,RJ,NÃO ENCONTRADO,,https://www.facebook.com/deputadocarlosandrade/
STEPAN NERCESSIAN,,160627,RJ,stepanrio,,https://www.facebook.com/stepan.nercessian/
SÓSTENES CAVALCANTE,SOSTENES SILVA CAVALCANTE,178947,RJ,DepSostenes,,https://www.facebook.com/sostenescavalcante/
VITOR PAULO,,92355,RJ,vitorpaulo10,,https://www.facebook.com/bispovitorpaulo
WADIH DAMOUS,WADIH NEMER DAMOUS FILHO,189593,RJ,wadih_damous,,https://www.facebook.com/wadihdamous/
WALNEY ROCHA,WALNEY DA ROCHA CARVALHO,160631,RJ,walneyrocha,,https://www.facebook.com/oficialwalneyrocha/
WILSON BESERRA,WILSON SILVA BESERRA,193066,RJ,wilsonbeserra,,https://www.facebook.com/deputadowilsonbeserra/
ZÉ AUGUSTO NALIN,JOSÉ AUGUSTO NALIN,191945,RJ,zeaugustonalin,,https://www.facebook.com/joseaugustonalin/
ANTÔNIO JÁCOME,ANTONIO JACOME DE LIMA JUNIOR,178950,RN,NAO ENCONTRADO,,https://www.facebook.com/jacomern/
BETO ROSADO,CARLOS ALBERTO DE SOUSA ROSADO SEGUNDO,178948,RN,betorosado,,https://www.facebook.com/betorosado1111/
FELIPE MAIA,FELIPE CATALÃO MAIA,141429,RN,depfelipemaia,,https://www.facebook.com/felipemaiarn/
FÁBIO FARIA,FÁBIO SALUSTINO MESQUITA DE FARIA,141428,RN,fabiofaria33,,https://www.facebook.com/fabiofaria5555/
HENRIQUE EDUARDO ALVES,,74324,RN,HenriqueEAlves,,https://www.facebook.com/deputadohenriquefontana/
JOÃO MAIA,,141459,RN,depjoaomaia,,https://www.facebook.com/joao.maia.581
PAULO WAGNER,,160593,RN,deppaulowagner,,https://www.facebook.com/paulo.wagner.90226?ref=br_rs
RAFAEL MOTTA,RAFAEL HUETE DA MOTTA,178951,RN,rafaelmottarn,,https://www.facebook.com/rafaelmottarn
ROGÉRIO MARINHO,ROGÉRIO SIMONETTI MARINHO,141535,RN,rogeriosmarinho,,https://www.facebook.com/rogeriosmarinho
WALTER ALVES,WALTER PEREIRA ALVES,178952,RN,WalterAlvesRN,,https://www.facebook.com/WalterAlvesRN1
ZENAIDE MAIA,ZENAIDE MAIA CALADO PEREIRA DOS SANTOS,178949,RN,NAO ENCONTRADO,,https://www.facebook.com/depzenaidemaia/
EXPEDITO NETTO,EXPEDITO GONCALVES FERREIRA NETTO,178953,RO,netto_expedito,,https://www.facebook.com/expedito.netto.1
LINDOMAR GARÇON,LINDOMAR BARBOSA ALVES,141483,RO,depgarcon,,https://www.facebook.com/LindomarGarcon10
LUCIO MOSQUINI,LUCIO ANTONIO MOSQUINI,178954,RO,NÃO ENCONTRADO,,https://www.facebook.com/profile.php?id=100011438522684
LUIZ CLÁUDIO,LUIZ CLAUDIO PEREIRA ALVES,178955,RO,NÃO ENCONTRADO,,https://www.facebook.com/luizclaudiodaagricultura
MARCOS ROGÉRIO,MARCOS ROGÉRIO DA SILVA BRITO,167722,RO,MarcosRogerio,,https://www.facebook.com/profile.php?id=100008179053573
MARIANA CARVALHO,MARIANA FONSECA RIBEIRO CARVALHO DE MORAES,178956,RO,MarianaPSDB,,https://www.facebook.com/marianacarvalho45
MARINHA RAUPP,MARINHA CÉLIA ROCHA RAUPP DE MATOS,74177,RO,DepMarinhaRaupp,,https://www.facebook.com/MarinhaRaupp
MAURO NAZIF,,141508,RO,drmauronazif,,https://www.facebook.com/maurorasul
NATAN DONADON,,133372,RO,natandonadon,,https://www.facebook.com/pages/Natan-Donadon/607464139302519
NILTON CAPIXABA,NILTON BALBINO,74359,RO,NÃO ENCONTRADO,,https://www.facebook.com/deputadoniltoncapixaba
PADRE TON,,160670,RO,padreton,,https://www.facebook.com/padrton
ABEL MESQUITA JR.,ABEL SALVADOR MESQUITA JUNIOR,178957,RR,depabelmesquita,,https://www.facebook.com/abel.mesquita.94
CARLOS ANDRADE,CARLOS AUGUSTO ANDRADE SILVA,178958,RR,deputado_ca,,https://www.facebook.com/deputadocarlosandrade/
EDIO LOPES,ÉDIO VIEIRA LOPES,141417,RR,ediolopes,,https://www.facebook.com/deputadoediolopes/
HIRAN GONÇALVES,HIRAN MANUEL GONCALVES DA SILVA,178959,RR,deputadohiran,,https://www.facebook.com/DeputadoHiran/?hc_ref=PAGES_TIMELINE
JHONATAN DE JESUS,JOHNATHAN PEREIRA DE JESUS,160531,RR,jhonatan_djesus,,https://www.facebook.com/DepJhonatanJesus/
MARIA HELENA,MARIA HELENA VERONESE RODRIGUES,64960,RR,depmariahelena,,https://www.facebook.com/deputadamariahelena/
PAULO CESAR QUARTIERO,,160668,RR,pauloquartiero,,https://www.facebook.com/pages/Paulo-Quartiero/281327242020884
RAUL LIMA,,160656,RR,raullimarr,,https://www.facebook.com/DepRaulLima/
REMÍDIO MONAI,REMIDIO MONAI MONTESSI,178960,RR,remidiomonai,,https://www.facebook.com/RemidioMonaiRR/
SHÉRIDAN,SHÉRIDAN ESTÉRFANY OLIVEIRA DE ANCHIETA,178961,RR,depsheridan,,https://www.facebook.com/deputadasheridan/
TERESA SURITA,,160608,RR,teresasurita ,,https://www.facebook.com/teresasurita/
AFONSO HAMM,JOSÉ ALFONSO EBERT HAMM,136811,RS,depafonsohamm,,https://www.facebook.com/depafonsohamm/?ref=br_rs
AFONSO MOTTA,AFONSO ANTUNES DA MOTTA,178835,RS,afonso_motta,,https://www.facebook.com/AfonsoMottaOpina/
ALCEU MOREIRA,ALCEU MOREIRA DA SILVA,160559,RS,Alceu_Moreira,,https://www.facebook.com/depalceumoreira/
ASSIS MELO,ASSIS FLÁVIO DA SILVA MELO,160581,RS,AssisMelo_cxs,,https://www.facebook.com/AssisMeloOficial/?ref=br_rs
BOHN GASS,ELVINO JOSÉ BOHN GASS,160538,RS,BOHNGASS,,https://www.facebook.com/bohngass13/
CAJAR NARDES,CAJAR ONESIMO RIBEIRO NARDES,194261,RS,Cajarnardes,,https://www.facebook.com/CajarRNardes/
CARLOS GOMES,ANTONIO CARLOS GOMES DA SILVA,178962,RS,carlosgomesdep,,https://www.facebook.com/deputadocarlosgomes/
COVATTI FILHO,LUIS ANTONIO FRANCISCATTO COVATTI,178963,RS,CovattiFilho,,https://www.facebook.com/covatti.filho/
DANRLEI DE DEUS HINTERHOLZ,DANRLEI DE DEUS HINTERHOLZ,160552,RS,DanrleiFederal,,https://www.facebook.com/Danrlei-Hinterholz-351569478324459/
DARCÍSIO PERONDI,DARCÍSIO PAULO PERONDI,73891,RS,darcisioperondi,,https://www.facebook.com/DarcisioPerondi/
ELISEU PADILHA,,73892,RS,eliseupadilha,,https://www.facebook.com/EliseuPadilha15/
ENIO BACCI,,73893,RS,EnioBacci,,https://www.facebook.com/eniobacci12777/
FERNANDO MARRONI,,73481,RS,fernandomarroni,,https://www.facebook.com/fernandomarroni13/
GIOVANI CHERINI,GIOVANI CHERINI,160673,RS,giovanicherini,,https://www.facebook.com/deputadogiovanicherini/
HEITOR SCHUCH,HEITOR JOSE SCHUCH,178964,RS,HeitorSchuch,,https://www.facebook.com/heitorschuchoficial/
HENRIQUE FONTANA,HENRIQUE FONTANA JÚNIOR,73482,RS,henriquefontana,,https://www.facebook.com/deputadohenriquefontana/
JERÔNIMO GOERGEN,JERÔNIMO PIZZOLOTTO GOERGEN,160570,RS,jeronimogoergen,,https://www.facebook.com/depjeronimogoergen/
JONES MARTINS,JONES ALEXANDRE MARTINS,194262,RS,NAO ENCONTRADO,,https://www.facebook.com/DepJonesMartins/
JOSE STÉDILE,JOSE LUIZ STÉDILE,160607,RS,josestedile,,https://www.facebook.com/jose.stedile4080/
JOSÉ FOGAÇA,JOSÉ ALBERTO FOGAÇA DE MEDEIROS,131966,RS,JFogaca1,,https://www.facebook.com/josefogacapoa/
JOSÉ OTÁVIO GERMANO,JOSÉ OTÁVIO GERMANO,74395,RS,jotaviogermano,,https://www.facebook.com/Jos%C3%A9-Ot%C3%A1vio-Germano-1427594324119758/
JOÃO DERLY,JOAO DERLY DE OLIVEIRA NUNES JUNIOR,178965,RS,joaoderly,,https://www.facebook.com/JoaoDerlyOficial/
LUIS CARLOS HEINZE,LUIS CARLOS HEINZE,73483,RS,deputadoheinze,,https://www.facebook.com/deputadoheinze/
LUIZ NOÉ,,161962,RS,luiznoe,,https://www.facebook.com/luiznoe/
MARCO MAIA,MARCO AURÉLIO SPALL MAIA,133373,RS,DepMarcoMaia,,https://www.facebook.com/depmarcomaia/
MARCON,DIONILSO MATEUS MARCON,160535,RS,depmarcon,,https://www.facebook.com/Marcon-Deputado-730105823714253/
MARIA DO ROSÁRIO,MARIA DO ROSÁRIO NUNES,74398,RS,mariadorosario,,https://www.facebook.com/DeputadaMariaDoRosario/
MAURO PEREIRA,MAURO PEREIRA,124411,RS,NAO ENCONTRADO,,https://www.facebook.com/pg/mauropereirapmdb/
MENDES RIBEIRO FILHO,,73904,RS,mendes_ribeiro,,https://www.facebook.com/mendesribeirofilho
NELSON MARCHEZAN JUNIOR,,160567,RS,marchezan_,,https://www.facebook.com/nelsonmarchezan/
ONYX LORENZONI,ONYX DORNELLES LORENZONI,74399,RS,onyxlorenzoni,,https://www.facebook.com/onyx.lorenzoni/
OSMAR TERRA,,73692,RS,osmarterra ,,https://www.facebook.com/DeputadoOsmarTerra/
PAULO PIMENTA,PAULO ROBERTO SEVERO PIMENTA,74400,RS,deputadofederal,,https://www.facebook.com/perfil.pimenta
PEPE VARGAS,GILBERTO JOSÉ SPIER VARGAS,141445,RS,SigaPepeVargas,,https://www.facebook.com/sigapepevargas
POMPEO DE MATTOS,DARCI POMPEO DE MATTOS,73486,RS,PompeodeMattos,,https://www.facebook.com/pompeodemattosPDT/
RENATO MOLLING,RENATO DELMAR MOLLING,141527,RS,renatomolling,,https://www.facebook.com/deputadorenatomolling
RONALDO ZULKE,,160594,RS,ronaldozulke,,https://www.facebook.com/ronaldozulke/
SÉRGIO MORAES,SÉRGIO IVAN MORAES,141542,RS,DEPSERGIOMORAES,,https://www.facebook.com/profile.php?id=100004537152939
VILSON COVATTI,,141870,RS,VilsonCovatti,,https://www.facebook.com/DeputadoCovatti
YEDA CRUSIUS,YEDA RORATO CRUSIUS,73992,RS,Yeda_Crusius45,,https://www.facebook.com/YedaCrusiusOficial/
CARMEN ZANOTTO,CARMEN EMÍLIA BONFÁ ZANOTTO,164360,SC,carmenzanotto,,https://www.facebook.com/DeputadaCarmenZanotto
CELSO MALDANER,CELSO MALDANER,141405,SC,celsomaldaner,,https://www.facebook.com/celso.maldaner/
CESAR SOUZA,César Antonio de Souza,73720,SC,depcesarsouza,,https://www.facebook.com/deputadocesarsouza/
DÉCIO LIMA,DÉCIO NERY DE LIMA,141413,SC,deciolimapt,,https://www.facebook.com/deciolimapt/
EDINHO BEZ,,73793,SC,dep_edinhobez,,https://www.facebook.com/edinho.bez.7
ESPERIDIÃO AMIN,ESPERIDIÃO AMIN HELOU FILHO,160649,SC,EsperidiaoAmin_,,https://www.facebook.com/esperidiaoamin/
GEAN LOUREIRO,,165429,SC,geanloureiro,,https://www.facebook.com/geanloureiro
GEOVANIA DE SÁ,GEOVANIA DE SA RODRIGUES,178966,SC,geovaniadesa,,https://www.facebook.com/geovaniasarodrigues/
JORGE BOEIRA,JORGE CATARINO LEONARDELI BOEIRA,74388,SC,deputadoboeira,,https://www.facebook.com/deputadojorgeboeira/
JORGINHO MELLO,JORGINHO DOS SANTOS MELLO,160509,SC,jorginhomello,,https://www.facebook.com/jorginho.mello.35
JOÃO PAULO KLEINÜBING,JOAO PAULO KARAM KLEINUBING,178967,SC,jpkleinubing,,https://www.facebook.com/jpkleinubing/
JOÃO PIZZOLATTI,,73874,SC,pizzolatti,,NÃO ENCONTRADO
JOÃO RODRIGUES,JOÃO RODRIGUES,160571,SC,joaorodriguessc,,https://www.facebook.com/JoaoRodriguesdeputado/
LUCI CHOINACKI,,73474,SC,lucichoinacki13,,https://www.facebook.com/lucichoinacki/
MARCO TEBALDI,MARCO ANTONIO TEBALDI,160536,SC,mtebaldi,,https://www.facebook.com/matebaldi/
MAURO MARIANI,MAURO MARIANI,141507,SC,Mauro_Mariani,,https://www.facebook.com/deputadomauromariani/
ONOFRE SANTO AGOSTINI,,160563,SC,onofre_agostini ,,https://www.facebook.com/deputadoonofre/
PEDRO UCZAI,PEDRO FRANCISCO UCZAI,160604,SC,uczai,,https://www.facebook.com/PedroUczai/
ROGÉRIO PENINHA MENDONÇA,ROGÉRIO MENDONÇA,160651,SC,deputadopeninha,,https://www.facebook.com/deputadopeninha/
RONALDO BENEDET,RONALDO JOSÉ BENEDET,160515,SC,ronaldo_benedet,,https://www.facebook.com/RonaldoBenedet/
VALDIR COLATTO,VALDIR COLATTO,74010,SC,colattodeputado,,https://www.facebook.com/deputadoValdirColatto/
ADELSON BARRETO,ADELSON BARRETO DOS SANTOS,178968,SE,adelson_barreto,,https://www.facebook.com/profile.php?id=100011229309710
ANDRE MOURA,ANDRÉ LUIS DANTAS FERREIRA,160543,SE,AndreMourapsc_,,https://www.facebook.com/OficialAndreMoura
FABIO REIS,FABIO DE ALMEIDA REIS,171623,SE,fabioreis1515,,https://www.facebook.com/fabioreis1515
FÁBIO MITIDIERI,FABIO CRUZ MITIDIERI,178969,SE,depfmitidieri,,https://www.facebook.com/depfmitidieri
HELENO SILVA,,74053,SE,PrHeleno,,https://www.facebook.com/HelenoSilva2018/
JONY MARCOS,JONY MARCOS DE SOUZA ARAUJO,178971,SE,Dep_jonymarcos,,https://www.facebook.com/jony.marcos.1
JOÃO DANIEL,JOAO SOMARIVA DANIEL,178970,SE,joaodanielPT,depjoaodanielpt,https://www.facebook.com/deputadojoaodaniel/
LAERCIO OLIVEIRA,LAERCIO JOSÉ DE OLIVEIRA,151208,SE,laerciofederal,,https://www.facebook.com/deputadolaerciooliveira/
MENDONÇA PRADO,,74056,SE,mendoncaprado,,https://www.facebook.com/MendoncaPrado/
MÁRCIO MACÊDO,,160542,SE,marciomacedopt,,https://www.facebook.com/marciomacedopt/
VALADARES FILHO,ANTÔNIO CARLOS VALADARES FILHO,141384,SE,valadares_filho,,https://www.facebook.com/ValadaresFilho/
ADÉRMIS MARINI,ADÉRMIS MARINI JUNIOR,196359,SP,AdermisMarini,,https://www.facebook.com/AdermisMarini/
ALBERTO MOURÃO,,74696,SP,albertomourao,,https://www.facebook.com/mouraopg/
ALDO REBELO,,73428,SP,aldorebelo,,https://www.facebook.com/aldorebelo/
ALEX MANENTE,ALEX SPINELLI MANENTE,178972,SP,alexmanentepps,,https://www.facebook.com/alexmanentesbc/
ALEXANDRE LEITE,ALEXANDRE LEITE DA SILVA,160545,SP,lexandreleite,,https://www.facebook.com/DeputadoFederalAlexandreLeite
ALINE CORRÊA,,141375,SP,Dep_AlineCorrea,,https://www.facebook.com/pg/DeputadaAlineCorrea
ANA PERUGINI,ANA LUCIA LIPPAUS PERUGINI,178973,SP,anaperugini,,https://www.facebook.com/ana.perugini
ANDRES SANCHEZ,ANDRES NAVARRO SANCHEZ,178974,SP,torcidaandres,,https://www.facebook.com/torcidaandres
ANTONIO BULHÕES,ANTONIO CARLOS MARTINS DE BULHÕES,141383,SP,depbulhoes,,https://www.facebook.com/antonio.bulhoes.7
ANTONIO CARLOS MENDES THAME,ANTONIO CARLOS DE MENDES THAME,73584,SP,mendesthame,,https://www.facebook.com/md.mendesthame
ARLINDO CHINAGLIA,ARLINDO CHIGNALIA JUNIOR,73433,SP,achinaglia,,https://www.facebook.com/depchinaglia
ARNALDO FARIA DE SÁ,ARNALDO FARIA DE SÁ,73434,SP,Dep_Arnaldo1452,,https://www.facebook.com/deputadoarnaldofariadesa
ARNALDO JARDIM,,141391,SP,ArnaldoJardim,,https://www.facebook.com/deputadoarnaldojardim/
BALEIA ROSSI,LUIZ FELIPE BALEIA TENUTO ROSSI,178975,SP,baleia_rossi,,https://www.facebook.com/BaleiaRossi
BETO MANSUR,PAULO ROBERTO GOMES MANSUR,73437,SP,betomansur10,,https://www.facebook.com/betomansur
BRUNA FURLAN,BRUNA DIAS FURLAN,160589,SP,BrunaFurlan_,,https://www.facebook.com/BrunaFurlanDeputadaFederal
CAPITÃO AUGUSTO,JOSE AUGUSTO ROSA,178829,SP,capitao_augusto,,https://www.facebook.com/capitaoaugustooficial/
CARLOS ROBERTO,,165583,SP,carlosroberto45,,https://www.facebook.com/deputadorobertocarlospdt/
CARLOS SAMPAIO,CARLOS HENRIQUE FOCESI SAMPAIO,74262,SP,carlossampaio_,,https://www.facebook.com/DeputadoCarlosSampaio
CARLOS ZARATTINI,CARLOS ALBERTO ROLIM ZARATTINI,141398,SP,CarlosZarattini,,https://www.facebook.com/dep.zarattini/
CELSO RUSSOMANNO,CELSO UBIRAJARA RUSSOMANNO,73441,SP,celsorussomanno,,https://www.facebook.com/celsorussomanno
CÂNDIDO VACCAREZZA,,141396,SP,vaccarezza,,https://www.facebook.com/candidovaccarezza/
DELEGADO PROTÓGENES,,160606,SP,protogenes,,https://www.facebook.com/protogenesq/
DEVANIR RIBEIRO,,74264,SP,devanirribeiro,,https://www.facebook.com/DeputadoDevanirRibeiro/
DIMAS RAMALHO,,74265,SP,dimasramalho,,https://www.facebook.com/depdimasramalho/
DR. SINVAL MALHEIROS,SINVAL MALHEIROS PINTO JÚNIOR,178830,SP,sinvalmalheiros,,https://www.facebook.com/drsinvalmalheiros/
DR. UBIALI,,141498,SP,drubiali,,https://www.facebook.com/DrUbiali/
DUARTE NOGUEIRA,,141385,SP,duarte_nogueira,,https://www.facebook.com/pg/nogueiraduarte
EDUARDO BOLSONARO,EDUARDO NANTES BOLSONARO,92346,SP,bolsonarosp,,https://www.facebook.com/bolsonaro.enb/
EDUARDO CURY,EDUARDO PEDROSA CURY,178977,SP,eduardo_cury,,https://www.facebook.com/EduardoCuryOficial/
ELEUSES PAIVA,,154919,SP,eleusespaiva,,https://www.facebook.com/eleuses.paiva/
ELI CORRÊA FILHO,ADRIANO ELI CORRÊA,160532,SP,NAO ENCONTRADO,,https://www.facebook.com/EliCorreaFilho
EVANDRO GUSSI,EVANDRO HERRERA BERTONE GUSSI,178828,SP,evandrogussi,,https://facebook.com/evandro.gussi/
FAUSTO PINATO,FAUSTO RUY PINATO,66828,SP,faustopinato,,https://www.facebook.com/faustopinato/
FLAVINHO,FLAVIO AUGUSTO DA SILVA,178978,SP,flavinhocn,,https://www.facebook.com/pg/Flavinhocn
GABRIEL CHALITA,,160537,SP,gabriel_chalita,,https://www.facebook.com/facechalita/
GILBERTO NASCIMENTO,GILBERTO NASCIMENTO SILVA,74270,SP,gilbertopsc20,,https://www.facebook.com/gilbertonascimento.psc20/
GOULART,ANTONIO GOULART DOS REIS,178980,SP,oficial_goulart,,https://www.facebook.com/goulartoficial/
GUILHERME CAMPOS,,141447,SP,depguilherme,,https://www.facebook.com/deputadoguilhermecampos/
GUILHERME MUSSI,GUILHERME MUSSI FERREIRA,160667,SP,guilhermemussi,,https://www.facebook.com/deputadoguilhermemussi/
HERCULANO PASSOS,HERCULANO CASTILHO PASSOS JUNIOR,178981,SP,herculanopassos,,https://www.facebook.com/HerculanoPassos/
IVAN VALENTE,IVAN VALENTE,73531,SP,ivanvalente,,https://www.facebook.com/IvanValentePSOL/
IZAQUE SILVA,IZAQUE JOSE DA SILVA,196378,SP,NAO ENCONTRADO,,https://www.facebook.com/izaquesilvaoficial/?ref=br_rs
JEFFERSON CAMPOS,JEFFERSON ALVES DE CAMPOS,74273,SP,DepJefferson,,https://www.facebook.com/PrJeffersonCampos/
JILMAR TATTO,,141456,SP,jilmartatto,,https://www.facebook.com/jilmar.tatto?ref=br_rs
JONAS DONIZETTE,,160548,SP,Jonas_donizette,,https://www.facebook.com/jonasdonizette/
JORGE TADEU MUDALEN,JORGE TADEU MUDALEN,73535,SP,depjorgetadeu,,https://www.facebook.com/DeputadoJorgeTadeu/
JOSÉ DE FILIPPI,,160560,SP,josedefilippi,,https://www.facebook.com/filippijr
JOSÉ MENTOR,JOSÉ MENTOR GUILHERME DE MELLO NETTO,74275,SP,wmentor,,https://www.facebook.com/DeputadoJoseMentor
JOÃO DADO,,73682,SP,joaodado,,https://www.facebook.com/JoaoDado
JOÃO PAULO PAPA,JOAO PAULO TAVARES PAPA,178988,SP,Joaoppapa,,https://www.facebook.com/joaopaulopapaoficial/
JUNJI ABE,,160544,SP,junjiabe,,https://www.facebook.com/junjiabebr/
KEIKO OTA,IOLANDA KEIKO MIASHIRO OTA,160659,SP,keikoota_,,https://www.facebook.com/keikootadeputada/
LOBBE NETO,ANTONIO ADOLPHO LOBBE NETO,74277,SP,lobbeneto,,https://www.facebook.com/lobbenetopsdb/
LUIZ LAURO FILHO,LUIZ LAURO FERREIRA FILHO,178982,SP,luizlaurofilho,,https://www.facebook.com/dep.luizlaurofilho/
LUIZA ERUNDINA,LUIZA ERUNDINA DE SOUSA,74784,SP,luizaerundina,,https://www.facebook.com/luizaerundina4021
MAJOR OLIMPIO,SERGIO OLIMPIO GOMES,178826,SP,majorolimpio,,https://www.facebook.com/olimpio.major/
MARA GABRILLI,MARA CRISTINA GABRILLI,160565,SP,maragabrilli,,https://www.facebook.com/maragabrilli/
MARCELO AGUIAR,MARCELO THEODORO DE AGUIAR,160660,SP,MarceloAguiarMA,MarceloAguiarNW,https://www.facebook.com/MarceloAguiarOficial
MARCELO SQUASSONI,MARCELO SQUASSONI,118594,SP,NAO ENCONTRADO,,https://pt-br.facebook.com/marcelo.squassoni/
MARCIO ALVINO,MARCIO LUIZ ALVINO DE SOUZA,178983,SP,AlvinoMarcio,,https://www.facebook.com/marcioalvino/
MIGUEL HADDAD,MIGUEL MOUBADDA HADDAD,178984,SP,miguelmhaddad,,https://www.facebook.com/miguelmhaddad/
MIGUEL LOMBARDI,MIGUEL LOMBARDI,178985,SP,DMiguellombardi,,https://www.facebook.com/miguellombardi.deputadofederal/
MILTON MONTI,MILTON ANTONIO CASQUEL MONTI,74787,SP,miltonmonti,,https://www.facebook.com/depmiltonmonti/
MISSIONÁRIO JOSÉ OLIMPIO,JOSÉ OLIMPIO SILVEIRA MORAES,160561,SP,NAO ENCONTRADO,,https://www.facebook.com/deputadojoseolimpio/
NELSON MARQUEZELLI,NELSON MARQUEZELLI,73553,SP,MarquezelliNews,,https://www.facebook.com/nelsonmarquezelli1434
NEWTON LIMA,,160657,SP,profnewtonlima,,https://www.facebook.com/pg/redenewtonlima
NILTO TATTO,NILTO IGNACIO TATTO,178986,SP,NiltoTatto,,https://www.facebook.com/niltotattosp/
ORLANDO SILVA,ORLANDO SILVA DE JESUS JUNIOR,178987,SP,orlandosilva,,https://www.facebook.com/orlandosilvasp/
PAULO FREIRE,PAULO ROBERTO FREIRE DA COSTA,160558,SP,DF_PauloFreire,,https://www.facebook.com/dep.paulofreire
PAULO MALUF,PAULO SALIM MALUF,132056,SP,paulosalimmaluf,,https://www.facebook.com/paulosmaluf/
PAULO PEREIRA DA SILVA,PAULO PEREIRA DA SILVA,141518,SP,dep_paulinho,,https://www.facebook.com/paulinho.face/
PAULO TEIXEIRA,LUIZ PAULO TEIXEIRA FERREIRA,141488,SP,pauloteixeira13,,https://www.facebook.com/DeputadoPauloTeixeira
PENNA,,80920,SP,deputado_penna,,https://www.facebook.com/pennapv/
POLLYANA GAMA,POLLYANA FATIMA GAMA SANTOS,195997,SP,_pollyanagama,,https://www.facebook.com/professorapollyanagama
PR. MARCO FELICIANO,MARCO ANTÔNIO FELICIANO,160601,SP,marcofeliciano,,https://www.facebook.com/PastorMarcoFeliciano/
RENATA ABREU,RENATA HELLMEISTER DE ABREU,178989,SP,RenataAbreuDep,,https://www.facebook.com/renataabreu19
RICARDO BERZOINI,,74793,SP,ricardoberzoini,,https://www.facebook.com/ricardo.berzoini
RICARDO IZAR,RICARDO IZAR JUNIOR,160655,SP,RicardoIzar,,https://www.facebook.com/ricardoizaroficial
RICARDO TRIPOLI,JOSÉ RICARDO ALVARENGA TRIPOLI,141472,SP,ricardotripoli,,https://www.facebook.com/ricardotripoli
ROBERTO ALVES,BENEDITO ROBERTO ALVES FERREIRA,152610,SP,robertoalvesprb,,https://www.facebook.com/RobertoAlvesPRB
ROBERTO DE LUCENA,ROBERTO ALVES DE LUCENA,160653,SP,dep_lucena,,https://www.facebook.com/dep.lucena
ROBERTO FREIRE,,73805,SP,freire_roberto,,https://www.facebook.com/DepRobertoFreire
SILVIO TORRES,SILVIO FRANÇA TORRES,73560,SP,silviotorres,,https://www.facebook.com/SilvioTorresPSDB
SÉRGIO REIS,SERGIO BAVINI,178991,SP,sergioreis,sergiobreis,https://www.facebook.com/deputadosergioreis/
TIRIRICA,FRANCISCO EVERARDO OLIVEIRA SILVA,160976,SP,tiriricanaweb,,https://www.facebook.com/tiriricanaweb
VALMIR PRASCIDELLI,VALMIR PRASCIDELLI,113247,SP,Prascidelli,,https://www.facebook.com/valmir.prascidelli
VANDERLEI MACRIS,VANDERLEI MACRIS,141553,SP,vanderleimacris,,https://www.facebook.com/deputadovanderleimacris
VAZ DE LIMA,,160595,SP,depvazdelima,,https://www.facebook.com/depvazdelima
VICENTE CANDIDO,VICENTE CÂNDIDO DA SILVA,160622,SP,vicente_candido,,https://www.facebook.com/deputadovicentecandido
VICENTINHO,VICENTE PAULO DA SILVA,74283,SP,VICENTINHOPT,,https://www.facebook.com/DeputadoFederalVicentinho
VINICIUS CARVALHO,VINICIUS RAPOZO DE CARVALHO,141555,SP,falecomvinicius,,https://www.facebook.com/viniciuscarvalhooficial
VITOR LIPPI,VITOR LIPPI,178992,SP,DepVitorLippi,vitorlippi4510,https://www.facebook.com/vitorlippi
WALTER IHOSHI,WALTER SHINDI IIHOSHI,141560,SP,walterihoshi,,https://www.facebook.com/walterihoshi
WILLIAM DIB,,160586,SP,drdib,,https://www.facebook.com/dib.deputado
CARLOS HENRIQUE GAGUIM,CARLOS HENRIQUE AMORIM,178993,TO,carlos_gaguim,,https://www.facebook.com/carlos.gaguim
CÉSAR HALUM,CESAR HANNA HALUM,160576,TO,cesarhalum,,https://www.facebook.com/cesarhalum/
DULCE MIRANDA,DULCE FERREIRA PAGANI MIRANDA,178994,TO,dulcemiranda_to,,https://www.facebook.com/dulcepaganimiranda
EDUARDO GOMES,,73945,TO,eduardogomesto,,https://www.facebook.com/pauloeduardogomes.psol
IRAJÁ ABREU,IRAJÁ SILVESTRE FILHO,81232,TO,irajaabreu,,https://www.facebook.com/irajaabreu
JOSI NUNES,JOSINIANE BRAGA NUNES,114941,TO,josinunesto,,https://www.facebook.com/josinunesto
LAUREZ MOREIRA,,141479,TO,laurezmoreira,,https://www.facebook.com/laurezmoreira
LÁZARO BOTELHO,LÁZARO BOTELHO MARTINS,141480,TO,LazaroBotelho,,https://www.facebook.com/dep.lazaro
PROFESSORA DORINHA SEABRA REZENDE,MARIA AUXILIADORA SEABRA REZENDE,160639,TO,profdorinha,,https://www.facebook.com/profile.php?id=100002237710131
VICENTINHO JÚNIOR,VICENTE ALVES DE OLIVEIRA JUNIOR,137070,TO,vicentinhojr,,https://www.facebook.com/VicentinhoJr
SHERIDÁ OLIVEIRA,SHÉRIDAN ESTÉRFANY OLIVEIRA DE ANCHIETA,,RR,depsheridan,,https://www.facebook.com/deputadasheridan/
